CREATE TABLE controle_km (
    id BIGINT(20) PRIMARY KEY AUTO_INCREMENT,
    data_hora_saida TIMESTAMP NOT NULL DEFAULT CURRENT_TIMESTAMP,
    data_hora_chegada TIMESTAMP NOT NULL DEFAULT CURRENT_TIMESTAMP,
    origem VARCHAR(150) NOT NULL,
    destino VARCHAR(150) NOT NULL,
    km_saida BIGINT(20) NOT NULL,
    km_chegada BIGINT(20) NOT NULL,
    obs TEXT,

    data_criacao TIMESTAMP NOT NULL DEFAULT CURRENT_TIMESTAMP,
    data_alteracao TIMESTAMP NOT NULL DEFAULT CURRENT_TIMESTAMP,

    veiculo_id BIGINT(20),
    pessoa_id BIGINT(20),
    itinerario_id BIGINT(20),

    FOREIGN KEY (veiculo_id) REFERENCES veiculo(id),
    FOREIGN KEY (pessoa_id) REFERENCES pessoa(id),
    FOREIGN KEY (itinerario_id) REFERENCES itinerario(id)
)
    ENGINE = InnoDB
    DEFAULT CHARSET = utf8;



-- VEICULO
INSERT INTO veiculo (id, placa, frota, obs, data_criacao, data_alteracao) VALUES (1, 'FVC-3969', '14.000', null, '2018-06-19 14:54:22', '2018-06-19 14:54:22');
INSERT INTO veiculo (id, placa, frota, obs, data_criacao, data_alteracao) VALUES (2, 'MMH-6155', '19.000', null, '2018-06-19 14:55:03', '2018-06-19 14:55:03');
INSERT INTO veiculo (id, placa, frota, obs, data_criacao, data_alteracao) VALUES (3, 'EGS-6828', 'FIESTA', null, '2018-06-25 19:59:47', '2018-06-25 19:59:47');
INSERT INTO veiculo (id, placa, frota, obs, data_criacao, data_alteracao) VALUES (4, 'BWB-5599', '1.000', null, '2018-06-25 20:47:43', '2018-06-25 20:48:22');
INSERT INTO veiculo (id, placa, frota, obs, data_criacao, data_alteracao) VALUES (5, 'JOZ-6451', '3.000', null, '2018-06-25 20:48:48', '2018-06-25 20:48:48');
INSERT INTO veiculo (id, placa, frota, obs, data_criacao, data_alteracao) VALUES (6, 'BUS-4436', '6.000', null, '2018-06-25 20:49:54', '2018-06-25 20:49:54');
INSERT INTO veiculo (id, placa, frota, obs, data_criacao, data_alteracao) VALUES (7, 'BTT-1439', '7.000', null, '2018-06-25 20:50:12', '2018-06-25 20:50:12');
INSERT INTO veiculo (id, placa, frota, obs, data_criacao, data_alteracao) VALUES (8, 'AAR-4132', '8.000', null, '2018-06-25 20:50:32', '2018-06-25 20:50:32');
INSERT INTO veiculo (id, placa, frota, obs, data_criacao, data_alteracao) VALUES (9, 'BTT-4393', '9.000', null, '2018-06-25 20:50:56', '2018-06-25 20:50:56');
INSERT INTO veiculo (id, placa, frota, obs, data_criacao, data_alteracao) VALUES (10, 'CQH-7646', '10.000', null, '2018-06-25 20:51:18', '2018-06-25 20:51:18');
INSERT INTO veiculo (id, placa, frota, obs, data_criacao, data_alteracao) VALUES (11, 'DMX-0096', '11.000', null, '2018-06-25 20:51:42', '2018-06-25 20:51:42');
INSERT INTO veiculo (id, placa, frota, obs, data_criacao, data_alteracao) VALUES (12, 'BUS-5061', '12.000', null, '2018-06-25 20:52:08', '2018-06-25 20:52:08');
INSERT INTO veiculo (id, placa, frota, obs, data_criacao, data_alteracao) VALUES (13, 'EKH-8252', '13.000', null, '2018-06-25 20:52:29', '2018-06-25 20:52:29');
INSERT INTO veiculo (id, placa, frota, obs, data_criacao, data_alteracao) VALUES (14, 'DTD-7217', '15.000', null, '2018-06-25 20:53:04', '2018-06-25 20:53:04');
INSERT INTO veiculo (id, placa, frota, obs, data_criacao, data_alteracao) VALUES (15, 'DJF-7852', '16.000', null, '2018-06-25 20:53:31', '2018-06-25 20:53:31');
INSERT INTO veiculo (id, placa, frota, obs, data_criacao, data_alteracao) VALUES (16, 'NFP-8302', '17.000', null, '2018-06-25 20:53:55', '2018-06-25 20:53:55');
INSERT INTO veiculo (id, placa, frota, obs, data_criacao, data_alteracao) VALUES (17, 'DJC-6798', '18.000', null, '2018-06-25 20:54:17', '2018-06-25 20:54:17');
INSERT INTO veiculo (id, placa, frota, obs, data_criacao, data_alteracao) VALUES (18, 'CVP-2635', '20.000', null, '2018-06-25 20:54:48', '2018-06-25 20:54:48');
INSERT INTO veiculo (id, placa, frota, obs, data_criacao, data_alteracao) VALUES (19, 'LYC-2050', '21.000', null, '2018-06-25 20:55:15', '2018-06-25 20:55:15');
INSERT INTO veiculo (id, placa, frota, obs, data_criacao, data_alteracao) VALUES (20, 'EHS-1453', 'BIS DA MÃE', null, '2018-06-25 20:56:04', '2018-06-25 20:56:04');
INSERT INTO veiculo (id, placa, frota, obs, data_criacao, data_alteracao) VALUES (21, 'BLB-3793', 'CORCEL', null, '2018-06-25 20:56:25', '2018-06-25 20:56:25');
INSERT INTO veiculo (id, placa, frota, obs, data_criacao, data_alteracao) VALUES (22, 'BJQ-4067', 'D20', null, '2018-06-25 20:56:45', '2018-06-25 20:56:45');
INSERT INTO veiculo (id, placa, frota, obs, data_criacao, data_alteracao) VALUES (23, 'ANO-4442', 'HILUX', null, '2018-06-25 20:57:22', '2018-06-25 20:57:22');
INSERT INTO veiculo (id, placa, frota, obs, data_criacao, data_alteracao) VALUES (24, 'JYH-4626', 'TOMARAM', null, '2018-06-25 20:58:17', '2018-06-25 20:58:17');
INSERT INTO veiculo (id, placa, frota, obs, data_criacao, data_alteracao) VALUES (25, 'BXC-6253', 'ROUBARÃO', null, '2018-06-25 20:59:01', '2018-06-25 20:59:01');
INSERT INTO veiculo (id, placa, frota, obs, data_criacao, data_alteracao) VALUES (26, 'HRK-0071', 'SILVERADO', null, '2018-06-25 20:59:30', '2018-06-25 20:59:30');
INSERT INTO veiculo (id, placa, frota, obs, data_criacao, data_alteracao) VALUES (27, 'DKJ-2893', 'TITAN 150', null, '2018-06-25 20:59:57', '2018-06-25 20:59:57');

-- ITINERARIO
INSERT INTO itinerario (id, nome, codigo, descricao, valido_ate, ativo, data_criacao, data_alteracao) VALUES (1, 'Paraguaçu Paulista / Assis - Fema - Noturno', '001', '', '2018-12-20', 1, '2018-06-19 15:02:22', '2018-06-19 15:02:22');
INSERT INTO itinerario (id, nome, codigo, descricao, valido_ate, ativo, data_criacao, data_alteracao) VALUES (2, 'Paraguaçu Paulista / Assis - UNIP - Noturno', '002', null, '2018-12-20', 1, '2018-06-19 15:02:54', '2018-06-19 15:02:54');
INSERT INTO itinerario (id, nome, codigo, descricao, valido_ate, ativo, data_criacao, data_alteracao) VALUES (3, 'ADMINISTRATIVO / MANUTENÇÃO', '000', 'Utilizado para marcar as utilizações administrativas', '2018-12-30', 1, '2018-06-25 20:00:35', '2018-06-25 20:01:07');
INSERT INTO itinerario (id, nome, codigo, descricao, valido_ate, ativo, data_criacao, data_alteracao) VALUES (4, 'SAPORE (Zilor)', '004', 'Transporte de funcionários da empresa Sapore para usina Zilor', '2018-07-17', 1, '2018-06-25 20:24:35', '2018-06-25 21:06:33');
INSERT INTO itinerario (id, nome, codigo, descricao, valido_ate, ativo, data_criacao, data_alteracao) VALUES (5, 'CRECHE/ESCOLINHA', '005', null, '2018-11-30', 1, '2018-06-25 21:06:22', '2018-06-25 21:06:22');
INSERT INTO itinerario (id, nome, codigo, descricao, valido_ate, ativo, data_criacao, data_alteracao) VALUES (6, 'PALMITAL / ASSIS', '007', null, '2018-12-31', 1, '2018-06-26 09:25:20', '2018-06-26 09:25:20');

-- PESSOA
INSERT INTO pessoa (id, nome, tipo, email, site, estudante, cliente, fornecedor, colaborador, transportadora, inativo, data_criacao, data_alteracao) VALUES (1, 'WILLIAN VAGNER VICENTE CORRÊA', 'FISICA', 'willian.vag@gmail.com', null, 0, 0, 0, 0, 0, 0, '2018-06-19 15:04:44', '2018-06-19 15:04:44');
INSERT INTO pessoa (id, nome, tipo, email, site, estudante, cliente, fornecedor, colaborador, transportadora, inativo, data_criacao, data_alteracao) VALUES (2, 'WASHINGTOM LUIS VICENTE CORRÊA', 'FISICA', 'rosinhaloca@gmail.com', null, 0, 0, 0, 0, 0, 0, '2018-06-19 15:08:09', '2018-06-19 15:08:09');
INSERT INTO pessoa (id, nome, tipo, email, site, estudante, cliente, fornecedor, colaborador, transportadora, inativo, data_criacao, data_alteracao) VALUES (3, 'HERCILIO MARQUES', 'FISICA', null, null, 0, 0, 0, 1, 0, 0, '2018-06-25 20:40:31', '2018-06-25 20:40:31');
INSERT INTO pessoa (id, nome, tipo, email, site, estudante, cliente, fornecedor, colaborador, transportadora, inativo, data_criacao, data_alteracao) VALUES (4, 'EMERSON FIAZI DE CARVALHO', 'FISICA', null, null, 0, 0, 0, 1, 0, 0, '2018-06-25 20:45:36', '2018-06-25 20:45:36');
INSERT INTO pessoa (id, nome, tipo, email, site, estudante, cliente, fornecedor, colaborador, transportadora, inativo, data_criacao, data_alteracao) VALUES (5, 'AVERALDO PATRICIO DA SILVA', 'FISICA', null, null, 0, 0, 0, 0, 0, 0, '2018-06-25 21:39:10', '2018-06-25 21:39:10');
INSERT INTO pessoa (id, nome, tipo, email, site, estudante, cliente, fornecedor, colaborador, transportadora, inativo, data_criacao, data_alteracao) VALUES (6, 'JOSÉ REIS DOS SANTOS', 'FISICA', null, null, 0, 0, 0, 0, 0, 0, '2018-06-25 21:41:54', '2018-06-25 21:41:54');
INSERT INTO pessoa (id, nome, tipo, email, site, estudante, cliente, fornecedor, colaborador, transportadora, inativo, data_criacao, data_alteracao) VALUES (7, 'PAULO RODRIGUES DIAS', 'FISICA', null, null, 0, 0, 0, 0, 0, 0, '2018-06-26 09:17:03', '2018-06-26 09:17:03');
INSERT INTO pessoa (id, nome, tipo, email, site, estudante, cliente, fornecedor, colaborador, transportadora, inativo, data_criacao, data_alteracao) VALUES (8, 'ANTONIO DAS GRAÇAS DE SOUZA', 'FISICA', null, null, 0, 0, 0, 0, 0, 0, '2018-06-26 09:20:50', '2018-06-26 09:20:50');

-- CONTROLE DE KM
INSERT INTO controle_km (id, data_hora_saida, data_hora_chegada, origem, destino, km_saida, km_chegada, obs, data_criacao, data_alteracao, veiculo_id, pessoa_id, itinerario_id) VALUES (3, '2018-06-25 10:30:00', '2018-06-25 15:06:00', 'Garagem', 'Assis', '242524', '242594', 'Comprar tintas p/ pintura (Chuveirão das Tintas)', '2018-06-25 19:54:13', '2018-06-25 20:18:11', 3, 2, 3);
INSERT INTO controle_km (id, data_hora_saida, data_hora_chegada, origem, destino, km_saida, km_chegada, obs, data_criacao, data_alteracao, veiculo_id, pessoa_id, itinerario_id) VALUES (4, '2018-06-25 13:00:00', '2018-06-25 14:00:00', 'Garagem', 'Quatá', '168294', '168350', 'Buscar funcionário (Cristiane)', '2018-06-25 20:42:29', '2018-06-25 20:44:30', 2, 3, 4);
INSERT INTO controle_km (id, data_hora_saida, data_hora_chegada, origem, destino, km_saida, km_chegada, obs, data_criacao, data_alteracao, veiculo_id, pessoa_id, itinerario_id) VALUES (5, '2018-06-25 16:40:00', '2018-06-25 17:22:00', 'GARAGEM', 'CRECHE', '734597', '734611', null, '2018-06-25 21:08:20', '2018-06-25 21:08:20', 15, 4, 5);
INSERT INTO controle_km (id, data_hora_saida, data_hora_chegada, origem, destino, km_saida, km_chegada, obs, data_criacao, data_alteracao, veiculo_id, pessoa_id, itinerario_id) VALUES (6, '2018-06-25 14:30:00', '2018-06-25 17:14:00', 'Garagem', 'Quatá', '168350', '168429', null, '2018-06-25 21:14:55', '2018-06-25 21:14:55', 2, 3, 4);
INSERT INTO controle_km (id, data_hora_saida, data_hora_chegada, origem, destino, km_saida, km_chegada, obs, data_criacao, data_alteracao, veiculo_id, pessoa_id, itinerario_id) VALUES (7, '2018-06-25 06:00:00', '2018-06-25 08:00:00', 'Garagem', 'CRECHE', '734551', '734573', null, '2018-06-25 21:17:54', '2018-06-25 21:17:54', 15, 4, 5);
INSERT INTO controle_km (id, data_hora_saida, data_hora_chegada, origem, destino, km_saida, km_chegada, obs, data_criacao, data_alteracao, veiculo_id, pessoa_id, itinerario_id) VALUES (8, '2018-06-24 06:00:00', '2018-06-24 08:13:00', 'GARAGEM', 'QUATÁ', '167985', '168058', null, '2018-06-25 21:19:50', '2018-06-25 21:19:50', 2, 3, 4);
INSERT INTO controle_km (id, data_hora_saida, data_hora_chegada, origem, destino, km_saida, km_chegada, obs, data_criacao, data_alteracao, veiculo_id, pessoa_id, itinerario_id) VALUES (9, '2018-06-24 22:30:00', '2018-06-25 00:33:00', 'GARAGEM', 'QUATÁ', '168133', '168207', null, '2018-06-25 21:21:34', '2018-06-25 21:21:34', 2, 3, 4);
INSERT INTO controle_km (id, data_hora_saida, data_hora_chegada, origem, destino, km_saida, km_chegada, obs, data_criacao, data_alteracao, veiculo_id, pessoa_id, itinerario_id) VALUES (10, '2018-06-24 14:30:00', '2018-06-24 16:45:00', 'GARAGEM', 'QUATÁ', '168058', '168133', null, '2018-06-25 21:23:39', '2018-06-25 21:23:39', 2, 3, 4);
INSERT INTO controle_km (id, data_hora_saida, data_hora_chegada, origem, destino, km_saida, km_chegada, obs, data_criacao, data_alteracao, veiculo_id, pessoa_id, itinerario_id) VALUES (11, '2018-06-25 12:00:00', '2018-06-25 13:50:00', 'GARAGEM', 'CRECHE', '734573', '734597', null, '2018-06-25 21:26:23', '2018-06-25 21:26:23', 15, 4, 5);
INSERT INTO controle_km (id, data_hora_saida, data_hora_chegada, origem, destino, km_saida, km_chegada, obs, data_criacao, data_alteracao, veiculo_id, pessoa_id, itinerario_id) VALUES (12, '2018-06-18 10:50:00', '2018-06-18 13:15:00', 'PARAGUAÇU PTA', 'PALMITAL', '634945', '635021', null, '2018-06-26 09:24:26', '2018-06-26 09:26:54', 11, 8, 6);
INSERT INTO controle_km (id, data_hora_saida, data_hora_chegada, origem, destino, km_saida, km_chegada, obs, data_criacao, data_alteracao, veiculo_id, pessoa_id, itinerario_id) VALUES (13, '2018-06-18 06:20:00', '2018-06-18 12:11:00', 'PALMITAL', 'ASSIS', '635021', '635096', null, '2018-06-26 09:30:58', '2018-06-26 09:30:58', 11, 8, 6);
INSERT INTO controle_km (id, data_hora_saida, data_hora_chegada, origem, destino, km_saida, km_chegada, obs, data_criacao, data_alteracao, veiculo_id, pessoa_id, itinerario_id) VALUES (14, '2018-06-20 06:20:00', '2018-06-20 13:00:00', 'PALMITAL', 'ASSIS', '635096', '635176', null, '2018-06-26 09:34:07', '2018-06-26 09:34:07', 11, 8, 6);
INSERT INTO controle_km (id, data_hora_saida, data_hora_chegada, origem, destino, km_saida, km_chegada, obs, data_criacao, data_alteracao, veiculo_id, pessoa_id, itinerario_id) VALUES (15, '2018-06-21 06:20:00', '2018-06-21 12:41:00', 'PALMITAL', 'ASSIS', '635176', '635265', null, '2018-06-26 09:35:40', '2018-06-26 09:35:40', 11, 8, 6);
INSERT INTO controle_km (id, data_hora_saida, data_hora_chegada, origem, destino, km_saida, km_chegada, obs, data_criacao, data_alteracao, veiculo_id, pessoa_id, itinerario_id) VALUES (16, '2018-06-25 06:20:00', '2018-06-25 13:10:00', 'PALMITAL', 'ASSIS', '635265', '635355', 'FOI COLOCAR LIMPADOR DE PARABRISA NA GETULIO VARGAS ACESSORIO AS 11:15', '2018-06-26 09:38:50', '2018-06-26 09:38:50', 11, 8, 6);
INSERT INTO controle_km (id, data_hora_saida, data_hora_chegada, origem, destino, km_saida, km_chegada, obs, data_criacao, data_alteracao, veiculo_id, pessoa_id, itinerario_id) VALUES (17, '2018-06-25 22:30:00', '2018-06-26 00:40:00', 'GARAGEM', 'QUATÁ', '168429', '168535', null, '2018-06-26 09:43:28', '2018-06-26 09:43:28', 2, 3, 4);
INSERT INTO controle_km (id, data_hora_saida, data_hora_chegada, origem, destino, km_saida, km_chegada, obs, data_criacao, data_alteracao, veiculo_id, pessoa_id, itinerario_id) VALUES (19, '2018-06-26 05:30:00', '2018-06-26 08:00:00', 'GARAGEM', 'SAPORE', '168535', '168620', null, '2018-06-26 11:32:31', '2018-06-26 11:32:31', 2, 7, 4);
INSERT INTO controle_km (id, data_hora_saida, data_hora_chegada, origem, destino, km_saida, km_chegada, obs, data_criacao, data_alteracao, veiculo_id, pessoa_id, itinerario_id) VALUES (20, '2018-06-25 17:10:00', '2018-06-25 18:00:00', 'GARAGEM', 'ACUPUMTURA', '242594', '242596', null, '2018-06-26 11:41:14', '2018-06-26 11:41:14', 3, 10, 3);
INSERT INTO controle_km (id, data_hora_saida, data_hora_chegada, origem, destino, km_saida, km_chegada, obs, data_criacao, data_alteracao, veiculo_id, pessoa_id, itinerario_id) VALUES (21, '2018-06-26 07:00:00', '2018-06-26 08:30:00', 'GARAGEM', 'COPACAN', '064889', '064916', null, '2018-06-26 11:44:08', '2018-06-26 11:44:08', 5, 4, 7);
INSERT INTO controle_km (id, data_hora_saida, data_hora_chegada, origem, destino, km_saida, km_chegada, obs, data_criacao, data_alteracao, veiculo_id, pessoa_id, itinerario_id) VALUES (22, '2018-06-26 05:50:00', '2018-06-26 08:00:00', 'GARAGEM', 'ESCOLAR / CRECHE', '734706', '734730', null, '2018-06-26 11:46:07', '2018-06-26 11:46:07', 15, 9, 5);
INSERT INTO controle_km (id, data_hora_saida, data_hora_chegada, origem, destino, km_saida, km_chegada, obs, data_criacao, data_alteracao, veiculo_id, pessoa_id, itinerario_id) VALUES (23, '2018-06-25 17:40:00', '2018-06-25 18:00:00', 'GARAGEM', 'PPTA', '734611', '734619', null, '2018-06-26 11:50:53', '2018-06-26 11:50:53', 15, 5, 1);
INSERT INTO controle_km (id, data_hora_saida, data_hora_chegada, origem, destino, km_saida, km_chegada, obs, data_criacao, data_alteracao, veiculo_id, pessoa_id, itinerario_id) VALUES (24, '2018-06-25 18:10:00', '2018-06-25 23:40:00', 'GARAGEM', 'ASSIS', '734619', '734706', null, '2018-06-26 11:55:39', '2018-06-26 11:55:39', 15, 5, 1);
INSERT INTO controle_km (id, data_hora_saida, data_hora_chegada, origem, destino, km_saida, km_chegada, obs, data_criacao, data_alteracao, veiculo_id, pessoa_id, itinerario_id) VALUES (25, '2018-06-25 14:00:00', '2018-06-25 14:40:00', 'GARAGEM', 'RECICLAGEM', '064872', '064889', null, '2018-06-26 12:00:49', '2018-06-26 12:00:49', 5, 7, 7);
INSERT INTO controle_km (id, data_hora_saida, data_hora_chegada, origem, destino, km_saida, km_chegada, obs, data_criacao, data_alteracao, veiculo_id, pessoa_id, itinerario_id) VALUES (26, '2018-06-26 11:20:00', '2018-06-26 11:45:00', 'GARAGEM', 'RECICLAGEM', '242596', '242611', null, '2018-06-26 12:02:48', '2018-06-26 12:02:48', 3, 9, 7);
INSERT INTO controle_km (id, data_hora_saida, data_hora_chegada, origem, destino, km_saida, km_chegada, obs, data_criacao, data_alteracao, veiculo_id, pessoa_id, itinerario_id) VALUES (27, '2018-06-21 23:30:00', '2018-06-22 00:30:00', 'MARACAI', 'GARAGEM PPTA', '085916', '085946', 'MANUTENÇÃO, TROCAR PNEU TRASEIRO LADO ESQUERDO', '2018-06-26 13:20:36', '2018-06-26 13:20:36', 6, 4, 3);
INSERT INTO controle_km (id, data_hora_saida, data_hora_chegada, origem, destino, km_saida, km_chegada, obs, data_criacao, data_alteracao, veiculo_id, pessoa_id, itinerario_id) VALUES (28, '2018-06-25 08:00:00', '2018-06-25 08:00:00', 'GARAGEM', 'RECICLAGEM', '085946', '085981', null, '2018-06-26 13:22:54', '2018-06-26 13:22:54', 6, 7, 7);
INSERT INTO controle_km (id, data_hora_saida, data_hora_chegada, origem, destino, km_saida, km_chegada, obs, data_criacao, data_alteracao, veiculo_id, pessoa_id, itinerario_id) VALUES (29, '2018-06-25 05:30:00', '2018-06-25 08:30:00', 'GARAGEM', 'SAPORE', '0168207', '0168294', null, '2018-06-26 13:31:09', '2018-06-26 13:31:09', 2, 7, 4);
INSERT INTO controle_km (id, data_hora_saida, data_hora_chegada, origem, destino, km_saida, km_chegada, obs, data_criacao, data_alteracao, veiculo_id, pessoa_id, itinerario_id) VALUES (30, '2018-06-23 14:30:00', '2018-06-23 17:00:00', 'GARAGEM', 'SAPORE', '0167839', '0167922', null, '2018-06-26 13:33:10', '2018-06-26 13:33:10', 2, 7, 4);
INSERT INTO controle_km (id, data_hora_saida, data_hora_chegada, origem, destino, km_saida, km_chegada, obs, data_criacao, data_alteracao, veiculo_id, pessoa_id, itinerario_id) VALUES (31, '2018-06-23 22:30:00', '2018-06-24 00:25:00', 'GARAGEM', 'SAPORE', '167922', '167985', null, '2018-06-26 13:46:05', '2018-06-26 13:46:05', 2, 7, 4);
INSERT INTO controle_km (id, data_hora_saida, data_hora_chegada, origem, destino, km_saida, km_chegada, obs, data_criacao, data_alteracao, veiculo_id, pessoa_id, itinerario_id) VALUES (32, '2018-06-25 06:30:00', '2018-06-25 08:30:00', 'GARAGEM', 'RECICLAGEM', '064847', '064872', null, '2018-06-26 13:51:52', '2018-06-26 13:51:52', 5, 5, 7);
INSERT INTO controle_km (id, data_hora_saida, data_hora_chegada, origem, destino, km_saida, km_chegada, obs, data_criacao, data_alteracao, veiculo_id, pessoa_id, itinerario_id) VALUES (33, '2018-06-23 05:30:00', '2018-06-23 08:30:00', 'GARAGEM', 'SAPORE', '0167750', '0167750', null, '2018-06-26 13:54:44', '2018-06-26 13:54:44', 2, 7, 4);
INSERT INTO controle_km (id, data_hora_saida, data_hora_chegada, origem, destino, km_saida, km_chegada, obs, data_criacao, data_alteracao, veiculo_id, pessoa_id, itinerario_id) VALUES (34, '2018-06-26 12:00:00', '2018-06-26 13:52:00', 'GARAGEM', 'ESCOLAR', '734730', '734755', null, '2018-06-26 13:56:43', '2018-06-26 13:56:43', 15, 4, 5);
INSERT INTO controle_km (id, data_hora_saida, data_hora_chegada, origem, destino, km_saida, km_chegada, obs, data_criacao, data_alteracao, veiculo_id, pessoa_id, itinerario_id) VALUES (35, '2018-06-22 22:30:00', '2018-06-23 00:35:00', 'GARAGEM', 'SAPORE', '167685', '167756', null, '2018-06-26 13:58:07', '2018-06-26 13:58:07', 2, 3, 4);
INSERT INTO controle_km (id, data_hora_saida, data_hora_chegada, origem, destino, km_saida, km_chegada, obs, data_criacao, data_alteracao, veiculo_id, pessoa_id, itinerario_id) VALUES (36, '2018-06-22 18:00:00', '2018-06-22 22:00:00', 'GARAGEM', 'UNIP', '0167605', '0167685', null, '2018-06-26 13:59:32', '2018-06-26 13:59:32', 2, 7, 2);
INSERT INTO controle_km (id, data_hora_saida, data_hora_chegada, origem, destino, km_saida, km_chegada, obs, data_criacao, data_alteracao, veiculo_id, pessoa_id, itinerario_id) VALUES (37, '2018-06-22 17:30:00', '2018-06-22 18:00:00', 'GARAGEM', 'ESCOLAR', '734456', '734464', null, '2018-06-26 14:01:50', '2018-06-26 14:01:50', 15, 5, 5);
INSERT INTO controle_km (id, data_hora_saida, data_hora_chegada, origem, destino, km_saida, km_chegada, obs, data_criacao, data_alteracao, veiculo_id, pessoa_id, itinerario_id) VALUES (38, '2018-06-22 18:10:00', '2018-06-23 00:00:00', 'GARAGEM', 'FEMA', '734464', '734551', null, '2018-06-26 14:03:15', '2018-06-26 14:03:15', 15, 5, 1);
INSERT INTO controle_km (id, data_hora_saida, data_hora_chegada, origem, destino, km_saida, km_chegada, obs, data_criacao, data_alteracao, veiculo_id, pessoa_id, itinerario_id) VALUES (39, '2018-06-22 15:30:00', '2018-06-22 16:45:00', 'GARAGEM', 'RECICLAGEM', '064820', '064847', null, '2018-06-26 14:05:17', '2018-06-26 14:05:17', 5, 7, 7);
INSERT INTO controle_km (id, data_hora_saida, data_hora_chegada, origem, destino, km_saida, km_chegada, obs, data_criacao, data_alteracao, veiculo_id, pessoa_id, itinerario_id) VALUES (40, '2018-06-22 14:30:00', '2018-06-22 17:20:00', 'GARAGEM', 'SAPORE', '167519', '167605', null, '2018-06-26 14:06:42', '2018-06-26 14:06:42', 2, 3, 4);
INSERT INTO controle_km (id, data_hora_saida, data_hora_chegada, origem, destino, km_saida, km_chegada, obs, data_criacao, data_alteracao, veiculo_id, pessoa_id, itinerario_id) VALUES (41, '2018-06-22 16:30:00', '2018-06-22 17:14:00', 'GARAGEM', 'CRECHE', '734442', '734456', null, '2018-06-26 14:07:53', '2018-06-26 14:07:53', 15, 4, 5);
INSERT INTO controle_km (id, data_hora_saida, data_hora_chegada, origem, destino, km_saida, km_chegada, obs, data_criacao, data_alteracao, veiculo_id, pessoa_id, itinerario_id) VALUES (42, '2018-06-22 11:35:00', '2018-06-22 12:30:00', 'GARAGEM', 'RECICLAGEM', '332133', '332156', null, '2018-06-26 14:09:38', '2018-06-26 14:09:38', 21, 5, 7);
INSERT INTO controle_km (id, data_hora_saida, data_hora_chegada, origem, destino, km_saida, km_chegada, obs, data_criacao, data_alteracao, veiculo_id, pessoa_id, itinerario_id) VALUES (43, '2018-06-22 06:50:00', '2018-06-22 08:30:00', 'GARAGEM', 'RECICLAGEM', '064795', '064820', null, '2018-06-26 14:12:10', '2018-06-26 14:12:10', 5, 5, 7);
INSERT INTO controle_km (id, data_hora_saida, data_hora_chegada, origem, destino, km_saida, km_chegada, obs, data_criacao, data_alteracao, veiculo_id, pessoa_id, itinerario_id) VALUES (44, '2018-06-22 12:00:00', '2018-06-22 13:50:00', 'GARAGEM', 'ESCOLA', '734418', '734442', null, '2018-06-26 14:14:11', '2018-06-26 14:14:11', 15, 4, 5);
INSERT INTO controle_km (id, data_hora_saida, data_hora_chegada, origem, destino, km_saida, km_chegada, obs, data_criacao, data_alteracao, veiculo_id, pessoa_id, itinerario_id) VALUES (45, '2018-06-21 17:35:00', '2018-06-21 18:00:00', 'GARAGEM', 'ESCOLAR', '734334', '734342', null, '2018-06-26 14:15:22', '2018-06-26 14:15:22', 15, 5, 5);
INSERT INTO controle_km (id, data_hora_saida, data_hora_chegada, origem, destino, km_saida, km_chegada, obs, data_criacao, data_alteracao, veiculo_id, pessoa_id, itinerario_id) VALUES (46, '2018-06-21 18:10:00', '2018-06-22 00:00:00', 'GARAGEM', 'FEMA', '734342', '734418', null, '2018-06-26 14:16:44', '2018-06-26 14:16:44', 15, 5, 1);
INSERT INTO controle_km (id, data_hora_saida, data_hora_chegada, origem, destino, km_saida, km_chegada, obs, data_criacao, data_alteracao, veiculo_id, pessoa_id, itinerario_id) VALUES (47, '2018-06-21 18:00:00', '2018-06-21 18:45:00', 'GARAGEM', 'UNIP', '167350', '167361', 'NÃO FOI', '2018-06-26 14:18:37', '2018-06-26 14:18:37', 2, 3, 2);
INSERT INTO controle_km (id, data_hora_saida, data_hora_chegada, origem, destino, km_saida, km_chegada, obs, data_criacao, data_alteracao, veiculo_id, pessoa_id, itinerario_id) VALUES (48, '2018-06-21 22:30:00', '2018-06-22 00:35:00', 'GARAGEM', 'SAPORE', '167361', '167433', null, '2018-06-26 14:20:03', '2018-06-26 14:20:03', 2, 3, 4);
INSERT INTO controle_km (id, data_hora_saida, data_hora_chegada, origem, destino, km_saida, km_chegada, obs, data_criacao, data_alteracao, veiculo_id, pessoa_id, itinerario_id) VALUES (49, '2018-06-22 05:30:00', '2018-06-22 08:30:00', 'GARAGEM', 'SAPORE', '167433', '167519', null, '2018-06-26 14:21:12', '2018-06-26 14:21:12', 2, 7, 4);
INSERT INTO controle_km (id, data_hora_saida, data_hora_chegada, origem, destino, km_saida, km_chegada, obs, data_criacao, data_alteracao, veiculo_id, pessoa_id, itinerario_id) VALUES (50, '2018-06-21 17:30:00', '2018-06-21 23:00:00', 'GARAGEM', 'UNIP', '111450', '111542', 'SAINDO DA GARAGEM PARA MARACAI - ASSIS (UNIP) E FICOU EM MARACAI', '2018-06-26 14:27:40', '2018-06-26 14:27:40', 16, 4, 8);
INSERT INTO controle_km (id, data_hora_saida, data_hora_chegada, origem, destino, km_saida, km_chegada, obs, data_criacao, data_alteracao, veiculo_id, pessoa_id, itinerario_id) VALUES (51, '2018-06-22 17:50:00', '2018-06-22 23:50:00', 'GARAGEM', 'UNIP', '159707', '159790', null, '2018-06-26 14:32:54', '2018-07-02 13:57:20', 14, 10, 2);
INSERT INTO controle_km (id, data_hora_saida, data_hora_chegada, origem, destino, km_saida, km_chegada, obs, data_criacao, data_alteracao, veiculo_id, pessoa_id, itinerario_id) VALUES (52, '2018-06-21 11:45:00', '2018-06-21 12:00:00', 'GARAGEM', 'TESTE', '111434', '111450', 'TESTE MANUTENÇÃO VIBRAÇÃO DAS RODAS DIANTEIRAS', '2018-06-26 14:35:11', '2018-06-26 14:35:11', 19, 10, 3);
INSERT INTO controle_km (id, data_hora_saida, data_hora_chegada, origem, destino, km_saida, km_chegada, obs, data_criacao, data_alteracao, veiculo_id, pessoa_id, itinerario_id) VALUES (53, '2018-06-21 16:43:00', '2018-06-21 17:20:00', 'GARAGEM', 'ESCOLA', '734320', '734334', null, '2018-06-26 14:41:25', '2018-06-26 14:41:25', 15, 4, 5);
INSERT INTO controle_km (id, data_hora_saida, data_hora_chegada, origem, destino, km_saida, km_chegada, obs, data_criacao, data_alteracao, veiculo_id, pessoa_id, itinerario_id) VALUES (54, '2018-06-21 15:30:00', '2018-06-21 16:45:00', 'GARAGEM', 'RECICLAGEM', '064770', '064795', null, '2018-06-26 14:43:24', '2018-06-26 14:43:24', 5, 7, 7);
INSERT INTO controle_km (id, data_hora_saida, data_hora_chegada, origem, destino, km_saida, km_chegada, obs, data_criacao, data_alteracao, veiculo_id, pessoa_id, itinerario_id) VALUES (55, '2018-06-21 14:30:00', '2018-06-21 17:00:00', 'GARAGEM', 'SAPORE', '167269', '167350', null, '2018-06-26 14:45:32', '2018-06-26 14:45:32', 2, 3, 4);
INSERT INTO controle_km (id, data_hora_saida, data_hora_chegada, origem, destino, km_saida, km_chegada, obs, data_criacao, data_alteracao, veiculo_id, pessoa_id, itinerario_id) VALUES (56, '2018-06-21 11:35:00', '2018-06-21 12:10:00', 'GARAGEM', 'RECICLAGEM', '332116', '332133', null, '2018-06-26 14:46:59', '2018-06-26 14:46:59', 21, 5, 7);
INSERT INTO controle_km (id, data_hora_saida, data_hora_chegada, origem, destino, km_saida, km_chegada, obs, data_criacao, data_alteracao, veiculo_id, pessoa_id, itinerario_id) VALUES (57, '2018-06-21 12:00:00', '2018-06-21 13:55:00', 'GARAGEM', 'ESCOLAR', '734296', '734320', null, '2018-06-26 14:48:32', '2018-06-26 14:48:32', 15, 4, 5);
INSERT INTO controle_km (id, data_hora_saida, data_hora_chegada, origem, destino, km_saida, km_chegada, obs, data_criacao, data_alteracao, veiculo_id, pessoa_id, itinerario_id) VALUES (58, '2018-06-21 17:50:00', '2018-06-21 23:55:00', 'GARAGEM', 'UNIP', '159624', '159707', null, '2018-06-26 14:50:46', '2018-07-02 13:57:02', 14, 10, 2);
INSERT INTO controle_km (id, data_hora_saida, data_hora_chegada, origem, destino, km_saida, km_chegada, obs, data_criacao, data_alteracao, veiculo_id, pessoa_id, itinerario_id) VALUES (59, '2018-06-20 22:30:00', '2018-06-21 00:32:00', 'GARAGEM', 'SAPORE', '167109', '167182', null, '2018-06-26 14:52:09', '2018-06-26 14:52:09', 2, 3, 4);
INSERT INTO controle_km (id, data_hora_saida, data_hora_chegada, origem, destino, km_saida, km_chegada, obs, data_criacao, data_alteracao, veiculo_id, pessoa_id, itinerario_id) VALUES (60, '2018-06-20 18:00:00', '2018-06-20 18:45:00', 'GARAGEM', 'UNIP', '167099', '167109', 'NAO FOI', '2018-06-26 14:53:43', '2018-06-26 14:53:43', 2, 3, 2);
INSERT INTO controle_km (id, data_hora_saida, data_hora_chegada, origem, destino, km_saida, km_chegada, obs, data_criacao, data_alteracao, veiculo_id, pessoa_id, itinerario_id) VALUES (61, '2018-06-20 14:30:00', '2018-10-20 17:00:00', 'GARAGEM', 'SAPORE', '167018', '167099', null, '2018-06-26 14:54:49', '2018-06-26 14:54:49', 2, 3, 4);
INSERT INTO controle_km (id, data_hora_saida, data_hora_chegada, origem, destino, km_saida, km_chegada, obs, data_criacao, data_alteracao, veiculo_id, pessoa_id, itinerario_id) VALUES (62, '2018-06-21 05:30:00', '2018-06-21 08:30:00', 'GARAGEM', 'SAPORE', '167182', '167289', null, '2018-06-26 14:56:45', '2018-06-29 15:22:15', 2, 7, 4);
INSERT INTO controle_km (id, data_hora_saida, data_hora_chegada, origem, destino, km_saida, km_chegada, obs, data_criacao, data_alteracao, veiculo_id, pessoa_id, itinerario_id) VALUES (63, '2018-06-20 12:00:00', '2018-06-20 13:00:00', 'GARAGEM', 'ESCOLAR', '734151', '734175', null, '2018-06-26 14:58:36', '2018-06-26 14:58:36', 15, 4, 5);
INSERT INTO controle_km (id, data_hora_saida, data_hora_chegada, origem, destino, km_saida, km_chegada, obs, data_criacao, data_alteracao, veiculo_id, pessoa_id, itinerario_id) VALUES (64, '2018-06-20 16:35:00', '2018-06-20 17:10:00', 'GARAGEM', 'ESCOLAR', '734175', '734189', null, '2018-06-26 14:59:45', '2018-06-26 14:59:45', 15, 4, 5);
INSERT INTO controle_km (id, data_hora_saida, data_hora_chegada, origem, destino, km_saida, km_chegada, obs, data_criacao, data_alteracao, veiculo_id, pessoa_id, itinerario_id) VALUES (65, '2018-06-20 17:40:00', '2018-06-20 18:05:00', 'GARAGEM', 'ESCOLAR', '734189', '734196', null, '2018-06-26 15:01:10', '2018-06-26 15:01:10', 15, 5, 5);
INSERT INTO controle_km (id, data_hora_saida, data_hora_chegada, origem, destino, km_saida, km_chegada, obs, data_criacao, data_alteracao, veiculo_id, pessoa_id, itinerario_id) VALUES (66, '2018-06-20 18:10:00', '2018-06-21 00:00:00', 'GARAGEM', 'FEMA', '734196', '734273', null, '2018-06-26 15:02:26', '2018-06-26 15:02:26', 15, 5, 1);
INSERT INTO controle_km (id, data_hora_saida, data_hora_chegada, origem, destino, km_saida, km_chegada, obs, data_criacao, data_alteracao, veiculo_id, pessoa_id, itinerario_id) VALUES (67, '2018-06-21 06:10:00', '2018-06-21 07:55:00', 'GARAGEM', 'ESCOLAR', '734273', '734296', null, '2018-06-26 15:04:20', '2018-06-26 15:04:20', 19, 4, 5);
INSERT INTO controle_km (id, data_hora_saida, data_hora_chegada, origem, destino, km_saida, km_chegada, obs, data_criacao, data_alteracao, veiculo_id, pessoa_id, itinerario_id) VALUES (68, '2018-06-20 17:25:00', '2018-06-21 00:15:00', 'GARAGEM', 'UNIP', '111315', '111434', 'O ONIBUS SAIU DA GARAGEM E FOI PARA MARACAI ATÉ ASSIS, E RETORNOU PARA PARAGUAÇU NA GARAGEM

O MESMO ENCONTRA COM A PARTIDA PESADA E LONGA', '2018-06-26 15:06:48', '2018-06-26 15:06:48', 16, 4, 8);
INSERT INTO controle_km (id, data_hora_saida, data_hora_chegada, origem, destino, km_saida, km_chegada, obs, data_criacao, data_alteracao, veiculo_id, pessoa_id, itinerario_id) VALUES (69, '2018-06-21 06:50:00', '2018-06-21 08:30:00', 'GARAGEM', 'RECICLAGEM', '064746', '064770', null, '2018-06-26 15:08:24', '2018-06-26 15:08:24', 5, 5, 7);
INSERT INTO controle_km (id, data_hora_saida, data_hora_chegada, origem, destino, km_saida, km_chegada, obs, data_criacao, data_alteracao, veiculo_id, pessoa_id, itinerario_id) VALUES (70, '2018-06-20 15:40:00', '2018-06-20 17:55:00', 'GARAGEM', 'RECICLAGEM', '064718', '064746', null, '2018-06-26 15:09:46', '2018-06-26 15:09:46', 5, 7, 7);
INSERT INTO controle_km (id, data_hora_saida, data_hora_chegada, origem, destino, km_saida, km_chegada, obs, data_criacao, data_alteracao, veiculo_id, pessoa_id, itinerario_id) VALUES (71, '2018-06-20 11:30:00', '2018-06-20 12:15:00', 'GARAGEM', 'RECICLAGEM', '332094', '332116', null, '2018-06-26 15:11:29', '2018-06-26 15:11:29', 21, 5, 7);
INSERT INTO controle_km (id, data_hora_saida, data_hora_chegada, origem, destino, km_saida, km_chegada, obs, data_criacao, data_alteracao, veiculo_id, pessoa_id, itinerario_id) VALUES (72, '2018-06-19 17:25:00', '2018-06-19 23:45:00', 'GARAGEM/RANCHARIA', 'UNOEST I E II', '304868', '305011', 'FORAM FEITO CAMPOS I E II COM UM CARRO SÓ
LINHA TOTAL', '2018-06-26 15:16:44', '2018-06-26 15:16:44', 17, 11, 10);
INSERT INTO controle_km (id, data_hora_saida, data_hora_chegada, origem, destino, km_saida, km_chegada, obs, data_criacao, data_alteracao, veiculo_id, pessoa_id, itinerario_id) VALUES (73, '2018-06-19 17:50:00', '2018-06-19 23:40:00', 'GARAGEM', 'UNIP', '159540', '159624', null, '2018-06-26 15:18:18', '2018-06-26 15:18:18', 14, 10, 2);
INSERT INTO controle_km (id, data_hora_saida, data_hora_chegada, origem, destino, km_saida, km_chegada, obs, data_criacao, data_alteracao, veiculo_id, pessoa_id, itinerario_id) VALUES (74, '2018-06-20 10:20:00', '2018-06-20 13:30:00', 'GARAGEM', 'MARILIA (AZUL)', '242344', '242523', 'DESPACHAR AMOSTRA DE COMIDA SAPORE
PELA EMPRESA AEREA AZUL', '2018-06-26 15:20:04', '2018-06-26 15:20:04', 3, 10, 3);
INSERT INTO controle_km (id, data_hora_saida, data_hora_chegada, origem, destino, km_saida, km_chegada, obs, data_criacao, data_alteracao, veiculo_id, pessoa_id, itinerario_id) VALUES (75, '2018-06-20 09:10:00', '2018-06-20 09:35:00', 'GARAGEM', 'POSTO TRUCKS', '242340', '242344', null, '2018-06-26 15:22:50', '2018-06-26 15:22:50', 3, 7, 3);
INSERT INTO controle_km (id, data_hora_saida, data_hora_chegada, origem, destino, km_saida, km_chegada, obs, data_criacao, data_alteracao, veiculo_id, pessoa_id, itinerario_id) VALUES (76, '2018-06-19 17:20:00', '2018-06-19 23:45:00', 'MARACAI', 'UNIP', '242285', '242340', null, '2018-06-26 15:29:12', '2018-06-26 15:29:12', 3, 7, 9);
INSERT INTO controle_km (id, data_hora_saida, data_hora_chegada, origem, destino, km_saida, km_chegada, obs, data_criacao, data_alteracao, veiculo_id, pessoa_id, itinerario_id) VALUES (77, '2018-06-20 05:30:00', '2018-06-20 08:35:00', 'GARAGEM', 'SAPORE', '166933', '167018', null, '2018-06-26 15:30:37', '2018-06-26 15:30:37', 2, 7, 4);
INSERT INTO controle_km (id, data_hora_saida, data_hora_chegada, origem, destino, km_saida, km_chegada, obs, data_criacao, data_alteracao, veiculo_id, pessoa_id, itinerario_id) VALUES (78, '2018-06-19 18:30:00', '2018-06-19 23:15:00', 'MARACAI', 'UNIP', '085841', '085916', null, '2018-06-26 16:04:05', '2018-06-26 16:04:05', 6, 7, 9);
INSERT INTO controle_km (id, data_hora_saida, data_hora_chegada, origem, destino, km_saida, km_chegada, obs, data_criacao, data_alteracao, veiculo_id, pessoa_id, itinerario_id) VALUES (79, '2018-06-14 18:10:00', '2018-06-14 22:50:00', 'MARACAI', 'UNIP', '085692', '085767', null, '2018-06-26 16:05:27', '2018-06-26 16:05:27', 6, 7, 9);
INSERT INTO controle_km (id, data_hora_saida, data_hora_chegada, origem, destino, km_saida, km_chegada, obs, data_criacao, data_alteracao, veiculo_id, pessoa_id, itinerario_id) VALUES (80, '2018-06-15 18:30:00', '2018-06-15 23:50:00', 'MARACAI', 'UNIP', '085767', '085784', null, '2018-06-26 16:09:35', '2018-06-26 16:09:35', 14, 7, 9);
INSERT INTO controle_km (id, data_hora_saida, data_hora_chegada, origem, destino, km_saida, km_chegada, obs, data_criacao, data_alteracao, veiculo_id, pessoa_id, itinerario_id) VALUES (81, '2018-06-19 22:30:00', '2018-06-20 00:45:00', 'GARAGEM', 'SAPORE', '166852', '166933', null, '2018-06-26 16:12:44', '2018-06-26 16:12:44', 2, 3, 4);
INSERT INTO controle_km (id, data_hora_saida, data_hora_chegada, origem, destino, km_saida, km_chegada, obs, data_criacao, data_alteracao, veiculo_id, pessoa_id, itinerario_id) VALUES (82, '2018-06-20 06:00:00', '2018-06-20 07:50:00', 'GARAGEM', 'ESCOLAR', '734129', '734151', null, '2018-06-26 16:14:24', '2018-06-26 16:14:24', 15, 4, 5);
INSERT INTO controle_km (id, data_hora_saida, data_hora_chegada, origem, destino, km_saida, km_chegada, obs, data_criacao, data_alteracao, veiculo_id, pessoa_id, itinerario_id) VALUES (83, '2018-06-20 06:59:00', '2018-06-20 08:30:00', 'GARAGEM', 'RECICLAGEM', '064694', '064718', null, '2018-06-26 16:15:46', '2018-06-26 16:15:46', 5, 5, 7);
INSERT INTO controle_km (id, data_hora_saida, data_hora_chegada, origem, destino, km_saida, km_chegada, obs, data_criacao, data_alteracao, veiculo_id, pessoa_id, itinerario_id) VALUES (84, '2018-06-19 18:10:00', '2018-06-20 00:00:00', 'GARAGEM', 'FEMA', '734052', '734129', null, '2018-06-26 16:17:21', '2018-06-26 16:17:21', 15, 5, 1);
INSERT INTO controle_km (id, data_hora_saida, data_hora_chegada, origem, destino, km_saida, km_chegada, obs, data_criacao, data_alteracao, veiculo_id, pessoa_id, itinerario_id) VALUES (85, '2018-06-19 17:40:00', '2018-06-19 18:05:00', 'GARAGEM', 'ESCOLAR', '734044', '734052', null, '2018-06-26 16:18:45', '2018-06-26 16:18:45', 15, 5, 5);
INSERT INTO controle_km (id, data_hora_saida, data_hora_chegada, origem, destino, km_saida, km_chegada, obs, data_criacao, data_alteracao, veiculo_id, pessoa_id, itinerario_id) VALUES (86, '2018-06-19 18:00:00', '2018-06-19 18:43:00', 'GARAGEM', 'UNIP', '166842', '166852', null, '2018-06-26 16:20:16', '2018-06-26 16:20:16', 2, 3, 2);
INSERT INTO controle_km (id, data_hora_saida, data_hora_chegada, origem, destino, km_saida, km_chegada, obs, data_criacao, data_alteracao, veiculo_id, pessoa_id, itinerario_id) VALUES (87, '2018-06-18 17:20:00', '2018-06-18 23:01:00', 'GARAGEM / RANCHARIA', 'UNOEST', '799040', '799171', 'NA VOLTA PASSOU PELO CAMPOS I OARA BUSCAR ALUNO, CARRO 20.000 SAIU DI CAMPOS II AS 21:30H', '2018-06-26 16:25:02', '2018-06-26 16:25:02', 18, 11, 11);
INSERT INTO controle_km (id, data_hora_saida, data_hora_chegada, origem, destino, km_saida, km_chegada, obs, data_criacao, data_alteracao, veiculo_id, pessoa_id, itinerario_id) VALUES (88, '2018-06-21 18:00:00', '2018-06-22 00:06:00', 'GARAGEM / RANCHARIA', 'UNOEST CAMPOS II', '799325', '799467', 'INICIOU OS TRABALHOS NO CARRO 18.000 MAIS POR TER AUMENTADO MAIS ALUNOS, ACABOU INDO COM O CARRO 20.000 PARA  UNOEST II E O GERSON FOI DO CRISTO PARA UNOEST I', '2018-06-26 16:27:40', '2018-06-26 16:27:40', 18, 11, 11);
INSERT INTO controle_km (id, data_hora_saida, data_hora_chegada, origem, destino, km_saida, km_chegada, obs, data_criacao, data_alteracao, veiculo_id, pessoa_id, itinerario_id) VALUES (89, '2018-06-20 17:25:00', '2018-06-21 00:00:00', 'GARAGEM / RANCHARIA', 'UNOEST I E II', '799177', '799325', 'UNOEST I E II', '2018-06-26 16:29:13', '2018-06-26 16:29:13', 18, 11, 9);
INSERT INTO controle_km (id, data_hora_saida, data_hora_chegada, origem, destino, km_saida, km_chegada, obs, data_criacao, data_alteracao, veiculo_id, pessoa_id, itinerario_id) VALUES (90, '2018-06-22 17:25:00', '2018-06-22 23:50:00', 'GARAGEM / RANCHARIA', 'UNOEST I  E II', '799467', '799615', 'UNOEST I E II', '2018-06-26 16:31:04', '2018-06-26 16:31:04', 18, 11, 11);
INSERT INTO controle_km (id, data_hora_saida, data_hora_chegada, origem, destino, km_saida, km_chegada, obs, data_criacao, data_alteracao, veiculo_id, pessoa_id, itinerario_id) VALUES (91, '2018-06-25 17:25:00', '2018-06-25 23:43:00', 'GARAGEM / RANCHARIA', 'UNOEST I E II', '799615', '799763', 'UNOEST I E II', '2018-06-26 16:32:29', '2018-06-26 16:32:29', 18, 11, 11);
INSERT INTO controle_km (id, data_hora_saida, data_hora_chegada, origem, destino, km_saida, km_chegada, obs, data_criacao, data_alteracao, veiculo_id, pessoa_id, itinerario_id) VALUES (92, '2018-06-21 18:00:00', '2018-06-21 23:55:00', 'GARAGEM / RANCHARIA', 'UNOEST I', '305011', '305139', 'GERSON E CLEBER TROCARAM DE CARRO
CLEBER FICOU COM O 20.000', '2018-06-26 16:37:15', '2018-06-26 16:39:02', 17, 12, 10);
INSERT INTO controle_km (id, data_hora_saida, data_hora_chegada, origem, destino, km_saida, km_chegada, obs, data_criacao, data_alteracao, veiculo_id, pessoa_id, itinerario_id) VALUES (93, '2018-06-14 17:20:00', '2018-06-14 23:55:00', 'GARAGEM / RANCHARIA', 'UNOEST II', '304575', '304714', 'RECEBI OS DISCOS DE TACOGRAFO, MAIS NAO SAO COMPATIVEIS PARA O ONIBUS, TENDO EM VISTA QUE A VELOCIDADE DO ONIBUS É DE 125KM E OS DISCOS QUE ME PASSOU É DE 180KM', '2018-06-26 16:41:29', '2018-06-26 16:41:29', 17, 12, 11);
INSERT INTO controle_km (id, data_hora_saida, data_hora_chegada, origem, destino, km_saida, km_chegada, obs, data_criacao, data_alteracao, veiculo_id, pessoa_id, itinerario_id) VALUES (94, '2018-06-18 17:15:00', '2018-06-19 00:15:00', 'GARAGEM / RANCHARIA', 'UNOEST I E II', '304726', '304868', 'LUZ DE TACOGRAFO QUEIMOU', '2018-06-26 16:43:52', '2018-06-26 16:43:52', 17, 12, 11);
INSERT INTO controle_km (id, data_hora_saida, data_hora_chegada, origem, destino, km_saida, km_chegada, obs, data_criacao, data_alteracao, veiculo_id, pessoa_id, itinerario_id) VALUES (95, '2018-06-19 13:50:00', '2018-06-20 14:00:00', 'GARAGEM', 'RECICLAGEM', '064652', '064694', null, '2018-06-26 16:45:22', '2018-06-26 16:45:22', 13, 7, 7);
INSERT INTO controle_km (id, data_hora_saida, data_hora_chegada, origem, destino, km_saida, km_chegada, obs, data_criacao, data_alteracao, veiculo_id, pessoa_id, itinerario_id) VALUES (96, '2018-06-19 14:30:00', '2018-06-19 17:20:00', 'GARAGEM', 'SAPORE', '166758', '166842', null, '2018-06-26 16:47:03', '2018-06-26 16:47:03', 2, 3, 4);
INSERT INTO controle_km (id, data_hora_saida, data_hora_chegada, origem, destino, km_saida, km_chegada, obs, data_criacao, data_alteracao, veiculo_id, pessoa_id, itinerario_id) VALUES (97, '2018-06-19 14:37:00', '2018-06-19 18:00:00', 'GARAGEM', 'ACUPULTURA', '242280', '242285', 'LEVAR O PAI NA ACUPUMTURA', '2018-06-26 16:55:31', '2018-06-26 16:55:31', 3, 1, 3);
INSERT INTO controle_km (id, data_hora_saida, data_hora_chegada, origem, destino, km_saida, km_chegada, obs, data_criacao, data_alteracao, veiculo_id, pessoa_id, itinerario_id) VALUES (99, '2018-06-18 06:12:00', '2018-06-18 12:40:00', 'MARACAI', 'UNIP', '110724', '110793', null, '2018-06-26 16:59:24', '2018-06-26 16:59:24', 17, 6, 12);
INSERT INTO controle_km (id, data_hora_saida, data_hora_chegada, origem, destino, km_saida, km_chegada, obs, data_criacao, data_alteracao, veiculo_id, pessoa_id, itinerario_id) VALUES (100, '2018-06-15 06:16:00', '2018-06-15 12:55:00', 'MARACAI', 'ASSIS', '110658', '110724', null, '2018-06-26 17:00:58', '2018-06-26 17:00:58', 1, 6, 12);
INSERT INTO controle_km (id, data_hora_saida, data_hora_chegada, origem, destino, km_saida, km_chegada, obs, data_criacao, data_alteracao, veiculo_id, pessoa_id, itinerario_id) VALUES (101, '2018-06-19 06:13:00', '2018-06-19 12:51:00', 'MARACAI', 'ASSIS', '110793', '110860', null, '2018-06-26 17:02:26', '2018-06-26 17:02:26', 1, 6, 12);
INSERT INTO controle_km (id, data_hora_saida, data_hora_chegada, origem, destino, km_saida, km_chegada, obs, data_criacao, data_alteracao, veiculo_id, pessoa_id, itinerario_id) VALUES (102, '2018-06-14 06:15:00', '2018-06-14 12:45:00', 'MARACAI', 'ASSIS', '110591', '110658', null, '2018-06-26 17:03:43', '2018-06-26 17:03:43', 1, 6, 12);
INSERT INTO controle_km (id, data_hora_saida, data_hora_chegada, origem, destino, km_saida, km_chegada, obs, data_criacao, data_alteracao, veiculo_id, pessoa_id, itinerario_id) VALUES (103, '2018-06-19 11:55:00', '2018-06-19 13:51:00', 'GARAGEM', 'ESCOLAR', '734020', '734044', null, '2018-06-26 17:08:44', '2018-06-26 17:08:44', 15, 4, 5);
INSERT INTO controle_km (id, data_hora_saida, data_hora_chegada, origem, destino, km_saida, km_chegada, obs, data_criacao, data_alteracao, veiculo_id, pessoa_id, itinerario_id) VALUES (104, '2018-06-26 04:30:00', '2018-06-26 19:00:00', 'GARAGEM / PARAGUAÇU', 'LONDRINA', '111054', '111347', null, '2018-06-27 10:27:43', '2018-06-27 10:27:43', 1, 10, 14);
INSERT INTO controle_km (id, data_hora_saida, data_hora_chegada, origem, destino, km_saida, km_chegada, obs, data_criacao, data_alteracao, veiculo_id, pessoa_id, itinerario_id) VALUES (105, '2018-06-26 17:30:00', '2018-06-26 19:00:00', 'GARAGEM / PARAGUAÇU', 'MARACAI', '085981', '086115', 'O CARRO SAIU DA GARAGEM E FOI ATÉ A CIDADE DE MARACAI A UNIP DE ASSIS E RETORNANDO PARA A GARAGEM DE PARAGUAÇU', '2018-06-27 10:42:29', '2018-06-27 10:42:29', 6, 7, 9);
INSERT INTO controle_km (id, data_hora_saida, data_hora_chegada, origem, destino, km_saida, km_chegada, obs, data_criacao, data_alteracao, veiculo_id, pessoa_id, itinerario_id) VALUES (106, '2018-06-26 04:40:00', '2018-06-26 19:20:00', 'GARAGEM / PARAGUAÇU', 'LONDRINA', '453279', '453605', null, '2018-06-27 10:44:11', '2018-06-27 10:44:11', 13, 5, 14);
INSERT INTO controle_km (id, data_hora_saida, data_hora_chegada, origem, destino, km_saida, km_chegada, obs, data_criacao, data_alteracao, veiculo_id, pessoa_id, itinerario_id) VALUES (107, '2018-06-27 05:30:00', '2018-06-27 08:45:00', 'GARAGEM PARAGUAÇU', 'SAPORE', '168775', '168865', null, '2018-06-27 10:45:27', '2018-06-29 15:44:43', 2, 7, 4);
INSERT INTO controle_km (id, data_hora_saida, data_hora_chegada, origem, destino, km_saida, km_chegada, obs, data_criacao, data_alteracao, veiculo_id, pessoa_id, itinerario_id) VALUES (108, '2018-06-26 17:40:00', '2018-06-26 18:07:00', 'GARAGEM PARAGUAÇU', 'ESCOLAR', '734769', '734777', null, '2018-06-27 10:49:28', '2018-06-27 10:49:28', 15, 4, 5);
INSERT INTO controle_km (id, data_hora_saida, data_hora_chegada, origem, destino, km_saida, km_chegada, obs, data_criacao, data_alteracao, veiculo_id, pessoa_id, itinerario_id) VALUES (109, '2018-06-27 06:00:00', '2018-06-27 08:00:00', 'GARAGEM PARAGUAÇU', 'ESCOLAR', '734861', '734883', null, '2018-06-27 10:51:10', '2018-06-27 10:51:10', 15, 4, 5);
INSERT INTO controle_km (id, data_hora_saida, data_hora_chegada, origem, destino, km_saida, km_chegada, obs, data_criacao, data_alteracao, veiculo_id, pessoa_id, itinerario_id) VALUES (110, '2018-06-26 18:10:00', '2018-06-26 23:30:00', 'GARAGEM', 'FEMA', '734777', '734861', null, '2018-06-27 10:52:39', '2018-06-27 10:52:39', 15, 4, 1);
INSERT INTO controle_km (id, data_hora_saida, data_hora_chegada, origem, destino, km_saida, km_chegada, obs, data_criacao, data_alteracao, veiculo_id, pessoa_id, itinerario_id) VALUES (111, '2018-06-27 06:50:00', '2018-06-27 08:10:00', 'GARAGEM PARAGUAÇU', 'RECICLAGEM', '064943', '064968', null, '2018-06-27 10:54:02', '2018-06-27 10:54:02', 5, 5, 7);
INSERT INTO controle_km (id, data_hora_saida, data_hora_chegada, origem, destino, km_saida, km_chegada, obs, data_criacao, data_alteracao, veiculo_id, pessoa_id, itinerario_id) VALUES (112, '2018-06-26 22:30:00', '2018-06-27 00:32:00', 'GARAGEM', 'SAPORE', '168702', '168775', null, '2018-06-27 10:55:20', '2018-06-27 10:55:20', 2, 3, 4);
INSERT INTO controle_km (id, data_hora_saida, data_hora_chegada, origem, destino, km_saida, km_chegada, obs, data_criacao, data_alteracao, veiculo_id, pessoa_id, itinerario_id) VALUES (113, '2018-06-26 16:30:00', '2018-06-26 17:20:00', 'GARAGEM', 'ESCOLAR', '734755', '734769', null, '2018-06-27 11:03:49', '2018-06-27 11:03:49', 15, 4, 5);
INSERT INTO controle_km (id, data_hora_saida, data_hora_chegada, origem, destino, km_saida, km_chegada, obs, data_criacao, data_alteracao, veiculo_id, pessoa_id, itinerario_id) VALUES (114, '2018-06-26 14:30:00', '2018-06-26 17:14:00', 'GARAGEM PARAGUAÇU', 'SAPORE', '168620', '168702', null, '2018-06-27 11:05:07', '2018-06-27 11:05:07', 2, 3, 4);
INSERT INTO controle_km (id, data_hora_saida, data_hora_chegada, origem, destino, km_saida, km_chegada, obs, data_criacao, data_alteracao, veiculo_id, pessoa_id, itinerario_id) VALUES (115, '2018-06-26 15:45:00', '2018-06-26 16:45:00', 'GARAGEM PARAGUAÇU', 'RECICLAGEM', '064916', '064936', null, '2018-06-27 11:17:20', '2018-06-27 11:17:20', 5, 7, 7);
INSERT INTO controle_km (id, data_hora_saida, data_hora_chegada, origem, destino, km_saida, km_chegada, obs, data_criacao, data_alteracao, veiculo_id, pessoa_id, itinerario_id) VALUES (116, '2018-06-26 14:21:00', '2018-06-26 14:40:00', 'GARAGEM', 'CASA DAS MANGUEIRAS', '242611', '242612', null, '2018-06-28 11:41:27', '2018-06-28 11:41:27', 3, 9, 13);
INSERT INTO controle_km (id, data_hora_saida, data_hora_chegada, origem, destino, km_saida, km_chegada, obs, data_criacao, data_alteracao, veiculo_id, pessoa_id, itinerario_id) VALUES (117, '2018-06-27 18:00:00', '2018-06-27 22:20:00', 'GARAGEM', 'FEMA', '111348', '111426', null, '2018-06-28 11:42:41', '2018-06-28 11:42:41', 1, 5, 1);
INSERT INTO controle_km (id, data_hora_saida, data_hora_chegada, origem, destino, km_saida, km_chegada, obs, data_criacao, data_alteracao, veiculo_id, pessoa_id, itinerario_id) VALUES (118, '2018-06-27 22:30:00', '2018-06-28 00:37:00', 'GARAGEM', 'SAPORE', '168948', '169024', null, '2018-06-28 11:44:49', '2018-06-28 11:44:49', 2, 3, 4);
INSERT INTO controle_km (id, data_hora_saida, data_hora_chegada, origem, destino, km_saida, km_chegada, obs, data_criacao, data_alteracao, veiculo_id, pessoa_id, itinerario_id) VALUES (119, '2018-06-28 11:55:00', '2018-06-28 12:00:00', 'GARAGEM', 'ESCOLAR', '734898', '734920', null, '2018-06-28 11:46:02', '2018-07-02 14:23:19', 15, 4, 5);
INSERT INTO controle_km (id, data_hora_saida, data_hora_chegada, origem, destino, km_saida, km_chegada, obs, data_criacao, data_alteracao, veiculo_id, pessoa_id, itinerario_id) VALUES (120, '2018-06-28 06:50:00', '2018-06-28 08:20:00', 'GARAGEM', 'RECICLAGEM', '064975', '064999', null, '2018-06-28 11:47:30', '2018-06-28 11:47:30', 5, 5, 7);
INSERT INTO controle_km (id, data_hora_saida, data_hora_chegada, origem, destino, km_saida, km_chegada, obs, data_criacao, data_alteracao, veiculo_id, pessoa_id, itinerario_id) VALUES (121, '2018-06-28 05:30:00', '2018-06-28 08:30:00', 'GARAGEM', 'SAPORE', '169024', '169112', null, '2018-06-28 11:48:40', '2018-06-28 11:48:40', 2, 7, 4);
INSERT INTO controle_km (id, data_hora_saida, data_hora_chegada, origem, destino, km_saida, km_chegada, obs, data_criacao, data_alteracao, veiculo_id, pessoa_id, itinerario_id) VALUES (122, '2018-06-27 15:45:00', '2018-06-27 16:45:00', 'GARAGEM', 'RECICLAGEM', '064968', '064975', null, '2018-06-28 11:50:27', '2018-06-28 11:50:27', 5, 7, 7);
INSERT INTO controle_km (id, data_hora_saida, data_hora_chegada, origem, destino, km_saida, km_chegada, obs, data_criacao, data_alteracao, veiculo_id, pessoa_id, itinerario_id) VALUES (123, '2018-06-26 07:00:00', '2018-06-26 18:00:00', 'PARAGUAÇU', 'MARILIA X GARÇA', '119930', '120328', 'ARTESP - SECRETARIA DA FAZENDA ISENÇÃO DE IPVA
RECEITA FEDERAL PARCELAMENTO INSS DA EMPRESA ROSA MARIA PEREIRA CORREA LOCADORA -ME', '2018-06-28 11:57:13', '2018-06-28 11:57:13', 23, 2, 3);
INSERT INTO controle_km (id, data_hora_saida, data_hora_chegada, origem, destino, km_saida, km_chegada, obs, data_criacao, data_alteracao, veiculo_id, pessoa_id, itinerario_id) VALUES (124, '2018-06-27 11:15:00', '2018-06-27 11:55:00', 'GARAGEM', 'ESCOLAR', '734883', '734898', null, '2018-06-28 11:59:10', '2018-06-28 11:59:10', 15, 4, 5);
INSERT INTO controle_km (id, data_hora_saida, data_hora_chegada, origem, destino, km_saida, km_chegada, obs, data_criacao, data_alteracao, veiculo_id, pessoa_id, itinerario_id) VALUES (125, '2018-06-28 11:30:00', '2018-06-28 12:00:00', 'GARAGEM', 'RECICLAGEM', '332156', '332174', null, '2018-06-28 13:50:01', '2018-06-28 13:50:01', 21, 5, 7);
INSERT INTO controle_km (id, data_hora_saida, data_hora_chegada, origem, destino, km_saida, km_chegada, obs, data_criacao, data_alteracao, veiculo_id, pessoa_id, itinerario_id) VALUES (126, '2018-06-28 10:00:00', '2018-06-28 13:02:00', 'GARAGEM', 'MARILIA', '242612', '242789', null, '2018-06-28 13:52:07', '2018-06-28 13:52:07', 3, 10, 3);
INSERT INTO controle_km (id, data_hora_saida, data_hora_chegada, origem, destino, km_saida, km_chegada, obs, data_criacao, data_alteracao, veiculo_id, pessoa_id, itinerario_id) VALUES (127, '2018-06-27 12:00:00', '2018-06-27 13:45:00', 'GARAGEM', 'ESCOLAR', '734920', '734945', null, '2018-06-28 13:53:42', '2018-06-28 13:53:42', 15, 4, 5);
INSERT INTO controle_km (id, data_hora_saida, data_hora_chegada, origem, destino, km_saida, km_chegada, obs, data_criacao, data_alteracao, veiculo_id, pessoa_id, itinerario_id) VALUES (128, '2018-06-28 12:30:00', '2018-06-28 14:10:00', 'GARAGEM', 'SAPORE', '169112', '169173', 'BUSCAR  FUNCIONÁRIA TAIS', '2018-06-28 14:28:00', '2018-06-28 14:28:19', 2, 3, 4);
INSERT INTO controle_km (id, data_hora_saida, data_hora_chegada, origem, destino, km_saida, km_chegada, obs, data_criacao, data_alteracao, veiculo_id, pessoa_id, itinerario_id) VALUES (129, '2018-06-28 14:20:00', '2018-06-28 14:40:00', 'GARAGEM', 'DANILO PEÇAS', '12536', '12543', null, '2018-06-28 16:23:46', '2018-06-28 16:23:46', 22, 10, 13);
INSERT INTO controle_km (id, data_hora_saida, data_hora_chegada, origem, destino, km_saida, km_chegada, obs, data_criacao, data_alteracao, veiculo_id, pessoa_id, itinerario_id) VALUES (130, '2018-06-27 16:20:00', '2018-06-27 17:16:00', 'GARAGEM', 'ESCOLINHA', '734945', '734959', null, '2018-06-28 17:31:59', '2018-06-28 17:31:59', 15, 4, 5);
INSERT INTO controle_km (id, data_hora_saida, data_hora_chegada, origem, destino, km_saida, km_chegada, obs, data_criacao, data_alteracao, veiculo_id, pessoa_id, itinerario_id) VALUES (131, '2018-06-29 09:00:00', '2018-06-29 09:20:00', 'GARAGEM', 'CONCEIÇÃO DE MONTE ALEGRE', '453606', '453616', 'TESTE MANUTENÇÃO', '2018-06-29 10:04:40', '2018-06-29 10:04:40', 13, 2, 13);
INSERT INTO controle_km (id, data_hora_saida, data_hora_chegada, origem, destino, km_saida, km_chegada, obs, data_criacao, data_alteracao, veiculo_id, pessoa_id, itinerario_id) VALUES (132, '2018-06-26 05:30:00', '2018-06-26 19:00:00', 'MARACAI', 'LONDRINA', '111609', '111879', 'FRETAMENTO EVENTUAL PARA LONDRINA', '2018-06-29 10:07:30', '2018-06-29 10:07:30', 16, 6, 14);
INSERT INTO controle_km (id, data_hora_saida, data_hora_chegada, origem, destino, km_saida, km_chegada, obs, data_criacao, data_alteracao, veiculo_id, pessoa_id, itinerario_id) VALUES (133, '2018-06-28 15:45:00', '2018-06-28 16:45:00', 'GARAGEM', 'RECICLAGEM', '86115', '86146', null, '2018-06-29 10:11:03', '2018-06-29 10:11:03', 6, 7, 7);
INSERT INTO controle_km (id, data_hora_saida, data_hora_chegada, origem, destino, km_saida, km_chegada, obs, data_criacao, data_alteracao, veiculo_id, pessoa_id, itinerario_id) VALUES (134, '2018-06-28 14:30:00', '2018-06-28 17:03:00', 'GARAGEM', 'SAPORE', '169173', '169253', null, '2018-06-29 10:13:09', '2018-06-29 10:13:09', 2, 3, 4);
INSERT INTO controle_km (id, data_hora_saida, data_hora_chegada, origem, destino, km_saida, km_chegada, obs, data_criacao, data_alteracao, veiculo_id, pessoa_id, itinerario_id) VALUES (135, '2018-06-29 09:50:00', '2018-06-29 10:05:00', 'GARAGEM', 'CONCEIÇÃO DE MONTE ALEGRE', '734959', '734970', 'TESTE MANUTENÇÃO', '2018-06-29 10:14:54', '2018-06-29 10:14:54', 15, 2, 13);
INSERT INTO controle_km (id, data_hora_saida, data_hora_chegada, origem, destino, km_saida, km_chegada, obs, data_criacao, data_alteracao, veiculo_id, pessoa_id, itinerario_id) VALUES (136, '2018-06-29 09:20:00', '2018-06-29 09:30:00', 'GARAGEM', 'CONCEIÇÃO DE MONTE ALEGRE', '111907', '111918', 'TESTE MANUTENÇÃO
 - TROCA CORREIA MOTOR
 - PROXIMA TROCA LONA , TROCA CAMPANA', '2018-06-29 10:18:26', '2018-06-29 10:18:26', 16, 2, 13);
INSERT INTO controle_km (id, data_hora_saida, data_hora_chegada, origem, destino, km_saida, km_chegada, obs, data_criacao, data_alteracao, veiculo_id, pessoa_id, itinerario_id) VALUES (137, '2018-06-25 18:16:00', '2018-06-25 18:25:00', 'MARACAI', 'ASSIS', '111608', '111609', 'NÃO PRECISOU IR', '2018-06-29 10:21:59', '2018-06-29 10:21:59', 16, 6, 9);
INSERT INTO controle_km (id, data_hora_saida, data_hora_chegada, origem, destino, km_saida, km_chegada, obs, data_criacao, data_alteracao, veiculo_id, pessoa_id, itinerario_id) VALUES (138, '2018-06-22 18:30:00', '2018-06-22 22:50:00', 'MARACAI', 'ASSIS', '111542', '111608', null, '2018-06-29 10:58:11', '2018-06-29 10:58:11', 16, 6, 9);
INSERT INTO controle_km (id, data_hora_saida, data_hora_chegada, origem, destino, km_saida, km_chegada, obs, data_criacao, data_alteracao, veiculo_id, pessoa_id, itinerario_id) VALUES (139, '2018-06-19 13:30:00', '2018-06-19 13:48:00', 'GARAGEM', 'CONCEIÇÃO DE MONTE ALEGRE', '111304', '111315', 'MANUTENÇÃO
PINO DO PEDAL DA EMBREAGEM

TESTE PARA MANUTENÇÃO', '2018-06-29 11:00:46', '2018-06-29 11:00:46', 16, 2, 13);
INSERT INTO controle_km (id, data_hora_saida, data_hora_chegada, origem, destino, km_saida, km_chegada, obs, data_criacao, data_alteracao, veiculo_id, pessoa_id, itinerario_id) VALUES (140, '2018-06-27 14:30:00', '2018-06-27 16:55:00', 'GARAGEM', 'SAPORE', '168864', '168948', null, '2018-06-29 11:03:58', '2018-06-29 11:03:58', 2, 3, 4);
INSERT INTO controle_km (id, data_hora_saida, data_hora_chegada, origem, destino, km_saida, km_chegada, obs, data_criacao, data_alteracao, veiculo_id, pessoa_id, itinerario_id) VALUES (141, '2018-06-29 11:45:00', '2018-06-29 13:20:00', 'GARAGEM', 'ASSIS AUTO PEÇAS BRASIL', '242789', '242857', null, '2018-06-29 13:27:28', '2018-06-29 13:30:36', 3, 7, 13);
INSERT INTO controle_km (id, data_hora_saida, data_hora_chegada, origem, destino, km_saida, km_chegada, obs, data_criacao, data_alteracao, veiculo_id, pessoa_id, itinerario_id) VALUES (142, '2018-06-29 11:40:00', '2018-06-29 12:50:00', 'GARAGEM', 'RECICLAGEM', '332175', '332199', null, '2018-06-29 13:32:11', '2018-06-29 13:32:11', 21, 5, 7);
INSERT INTO controle_km (id, data_hora_saida, data_hora_chegada, origem, destino, km_saida, km_chegada, obs, data_criacao, data_alteracao, veiculo_id, pessoa_id, itinerario_id) VALUES (143, '2018-06-29 05:30:00', '2018-06-29 08:45:00', 'GARAGEM', 'SAPORE', '169333', '169418', null, '2018-06-29 13:35:15', '2018-06-29 13:35:15', 2, 7, 4);
INSERT INTO controle_km (id, data_hora_saida, data_hora_chegada, origem, destino, km_saida, km_chegada, obs, data_criacao, data_alteracao, veiculo_id, pessoa_id, itinerario_id) VALUES (144, '2018-06-28 22:30:00', '2018-06-29 00:35:00', 'GARAGEM', 'SAPORE', '169253', '169333', null, '2018-06-29 13:36:40', '2018-06-29 13:36:40', 2, 3, 4);
INSERT INTO controle_km (id, data_hora_saida, data_hora_chegada, origem, destino, km_saida, km_chegada, obs, data_criacao, data_alteracao, veiculo_id, pessoa_id, itinerario_id) VALUES (145, '2018-06-29 06:50:00', '2018-06-29 08:25:00', 'GARAGEM', 'RECICLAGEM', '065000', '065024', null, '2018-06-29 13:38:52', '2018-06-29 13:38:52', 5, 5, 7);
INSERT INTO controle_km (id, data_hora_saida, data_hora_chegada, origem, destino, km_saida, km_chegada, obs, data_criacao, data_alteracao, veiculo_id, pessoa_id, itinerario_id) VALUES (146, '2018-06-28 17:55:00', '2018-06-28 22:15:00', 'GARAGEM', 'FEMA', '111426', '111497', null, '2018-06-29 13:40:56', '2018-06-29 13:40:56', 1, 5, 1);
INSERT INTO controle_km (id, data_hora_saida, data_hora_chegada, origem, destino, km_saida, km_chegada, obs, data_criacao, data_alteracao, veiculo_id, pessoa_id, itinerario_id) VALUES (147, '2018-06-26 17:25:00', '2018-06-27 00:04:00', 'GARAGEM / RANCHARIA', 'UNOEST I E II', '799763', '799911', 'UNOEST I E II', '2018-06-29 13:51:40', '2018-06-29 13:51:40', 18, 11, 11);
INSERT INTO controle_km (id, data_hora_saida, data_hora_chegada, origem, destino, km_saida, km_chegada, obs, data_criacao, data_alteracao, veiculo_id, pessoa_id, itinerario_id) VALUES (148, '2018-06-27 17:25:00', '2018-06-27 23:49:00', 'GARAGEM / RANCHARIA', 'UNOEST I E II', '799911', '800056', 'UNOEST I E II', '2018-06-29 13:53:35', '2018-07-02 14:15:38', 18, 11, 11);
INSERT INTO controle_km (id, data_hora_saida, data_hora_chegada, origem, destino, km_saida, km_chegada, obs, data_criacao, data_alteracao, veiculo_id, pessoa_id, itinerario_id) VALUES (149, '2018-06-28 17:25:00', '2018-06-28 23:00:00', 'GARAGEM / RANCHARIA', 'UNOEST I E II', '800056', '800187', 'UNOEST I E II', '2018-06-29 13:55:55', '2018-06-29 13:55:55', 18, 11, 11);
INSERT INTO controle_km (id, data_hora_saida, data_hora_chegada, origem, destino, km_saida, km_chegada, obs, data_criacao, data_alteracao, veiculo_id, pessoa_id, itinerario_id) VALUES (150, '2018-06-29 12:45:00', '2018-06-29 13:45:00', 'GARAGEM / RANCHARIA', 'UNOEST I E II', '069052', '069095', null, '2018-06-29 13:57:38', '2018-06-29 13:57:38', 10, 11, 11);
INSERT INTO controle_km (id, data_hora_saida, data_hora_chegada, origem, destino, km_saida, km_chegada, obs, data_criacao, data_alteracao, veiculo_id, pessoa_id, itinerario_id) VALUES (151, '2018-06-29 14:07:00', '2018-06-29 14:11:00', 'GARAGEM', 'CASA AV. BRASIL', '242857', '242860', 'LEVAR O PAI P/ CASA', '2018-06-29 14:13:40', '2018-06-29 14:13:40', 3, 1, 3);
INSERT INTO controle_km (id, data_hora_saida, data_hora_chegada, origem, destino, km_saida, km_chegada, obs, data_criacao, data_alteracao, veiculo_id, pessoa_id, itinerario_id) VALUES (152, '2018-06-28 06:20:00', '2018-06-28 10:30:00', 'PALMITAL', 'ASSIS', '635584', '635657', null, '2018-06-29 14:22:28', '2018-06-29 14:22:28', 11, 8, 6);
INSERT INTO controle_km (id, data_hora_saida, data_hora_chegada, origem, destino, km_saida, km_chegada, obs, data_criacao, data_alteracao, veiculo_id, pessoa_id, itinerario_id) VALUES (153, '2018-06-29 06:20:00', '2018-06-29 12:00:00', 'PALMITAL', 'ASSIS', '635657', '635731', null, '2018-06-29 14:24:39', '2018-06-29 14:24:39', 11, 8, 6);
INSERT INTO controle_km (id, data_hora_saida, data_hora_chegada, origem, destino, km_saida, km_chegada, obs, data_criacao, data_alteracao, veiculo_id, pessoa_id, itinerario_id) VALUES (154, '2018-06-29 13:00:00', '2018-06-29 14:20:00', 'GARAGEM', 'SAPORE', '169418', '169475', 'BUSCAR FUNCIONARIA LUCIA', '2018-06-29 14:29:37', '2018-06-29 14:29:37', 2, 3, 4);
INSERT INTO controle_km (id, data_hora_saida, data_hora_chegada, origem, destino, km_saida, km_chegada, obs, data_criacao, data_alteracao, veiculo_id, pessoa_id, itinerario_id) VALUES (155, '2018-06-26 13:00:00', '2018-06-26 15:00:00', 'PALMITAL', 'ASSIS', '635355', '635500', 'FOI ABASTECER NA GARAGEM EM PARAGUAÇU PAULISTA', '2018-06-29 14:36:25', '2018-06-29 14:36:25', 11, 8, 6);
INSERT INTO controle_km (id, data_hora_saida, data_hora_chegada, origem, destino, km_saida, km_chegada, obs, data_criacao, data_alteracao, veiculo_id, pessoa_id, itinerario_id) VALUES (156, '2018-06-27 06:20:00', '2018-06-27 13:00:00', 'PALMITAL', 'ASSIS', '635500', '635584', null, '2018-06-29 14:37:41', '2018-06-29 14:37:41', 11, 8, 6);
INSERT INTO controle_km (id, data_hora_saida, data_hora_chegada, origem, destino, km_saida, km_chegada, obs, data_criacao, data_alteracao, veiculo_id, pessoa_id, itinerario_id) VALUES (157, '2018-06-29 13:00:00', '2018-06-29 13:57:00', 'PALMITAL', 'ASSIS', '635731', '635791', null, '2018-06-29 14:43:07', '2018-06-29 14:43:07', 11, 8, 6);
INSERT INTO controle_km (id, data_hora_saida, data_hora_chegada, origem, destino, km_saida, km_chegada, obs, data_criacao, data_alteracao, veiculo_id, pessoa_id, itinerario_id) VALUES (158, '2018-07-02 08:40:00', '2018-07-02 09:30:00', 'GARAGEM', 'SAPORE', '170142', '170198', 'LEVAR A ILDA', '2018-07-02 10:03:01', '2018-07-02 10:03:01', 2, 7, 4);
INSERT INTO controle_km (id, data_hora_saida, data_hora_chegada, origem, destino, km_saida, km_chegada, obs, data_criacao, data_alteracao, veiculo_id, pessoa_id, itinerario_id) VALUES (159, '2018-06-30 05:20:00', '2018-07-01 06:15:00', 'GARAGEM', 'SÃO PAULO', '453630', '455000', 'VIAGEM DA IGREJA MUNDIAL', '2018-07-02 10:05:49', '2018-07-02 10:05:49', 13, 5, 14);
INSERT INTO controle_km (id, data_hora_saida, data_hora_chegada, origem, destino, km_saida, km_chegada, obs, data_criacao, data_alteracao, veiculo_id, pessoa_id, itinerario_id) VALUES (160, '2018-07-02 05:30:00', '2018-07-02 08:40:00', 'GARAGEM', 'SAPORE', '170058', '170142', null, '2018-07-02 10:07:02', '2018-07-02 10:07:02', 2, 7, 4);
INSERT INTO controle_km (id, data_hora_saida, data_hora_chegada, origem, destino, km_saida, km_chegada, obs, data_criacao, data_alteracao, veiculo_id, pessoa_id, itinerario_id) VALUES (161, '2018-06-30 22:30:00', '2018-07-01 00:30:00', 'GARAGEM', 'SAPORE', '169782', '169849', null, '2018-07-02 10:08:39', '2018-07-02 10:08:39', 2, 3, 4);
INSERT INTO controle_km (id, data_hora_saida, data_hora_chegada, origem, destino, km_saida, km_chegada, obs, data_criacao, data_alteracao, veiculo_id, pessoa_id, itinerario_id) VALUES (162, '2018-06-30 14:30:00', '2018-06-30 16:55:00', 'GARAGEM', 'SAPORE', '169706', '169782', null, '2018-07-02 10:09:53', '2018-07-02 10:09:53', 2, 3, 4);
INSERT INTO controle_km (id, data_hora_saida, data_hora_chegada, origem, destino, km_saida, km_chegada, obs, data_criacao, data_alteracao, veiculo_id, pessoa_id, itinerario_id) VALUES (163, '2018-07-01 06:00:00', '2018-07-01 08:30:00', 'GARAGEM', 'SAPORE', '169849', '169920', null, '2018-07-02 10:10:54', '2018-07-02 10:10:54', 2, 7, 4);
INSERT INTO controle_km (id, data_hora_saida, data_hora_chegada, origem, destino, km_saida, km_chegada, obs, data_criacao, data_alteracao, veiculo_id, pessoa_id, itinerario_id) VALUES (164, '2018-07-02 06:50:00', '2018-07-02 08:15:00', 'GARAGEM', 'RECICLAGEM', '065051', '065076', null, '2018-07-02 10:12:03', '2018-07-02 10:12:03', 5, 5, 7);
INSERT INTO controle_km (id, data_hora_saida, data_hora_chegada, origem, destino, km_saida, km_chegada, obs, data_criacao, data_alteracao, veiculo_id, pessoa_id, itinerario_id) VALUES (165, '2018-07-01 14:30:00', '2018-07-01 16:25:00', 'GARAGEM', 'SAPORE', '169920', '169984', null, '2018-07-02 10:14:45', '2018-07-02 10:14:45', 2, 7, 4);
INSERT INTO controle_km (id, data_hora_saida, data_hora_chegada, origem, destino, km_saida, km_chegada, obs, data_criacao, data_alteracao, veiculo_id, pessoa_id, itinerario_id) VALUES (166, '2018-07-01 22:30:00', '2018-07-02 00:30:00', 'GARAGEM', 'SAPORE', '169984', '170058', null, '2018-07-02 10:15:56', '2018-07-02 10:15:56', 2, 7, 4);
INSERT INTO controle_km (id, data_hora_saida, data_hora_chegada, origem, destino, km_saida, km_chegada, obs, data_criacao, data_alteracao, veiculo_id, pessoa_id, itinerario_id) VALUES (167, '2018-06-29 17:25:00', '2018-06-29 22:34:00', 'GARAGEM / RANCHARIA', 'UNOEST I E II', '111548', '111698', 'KM MAIOR DEVIDO ACIDENTE NA ENTRADA PARA O CAMPOS I', '2018-07-02 10:19:53', '2018-07-02 10:19:53', 1, 11, 11);
INSERT INTO controle_km (id, data_hora_saida, data_hora_chegada, origem, destino, km_saida, km_chegada, obs, data_criacao, data_alteracao, veiculo_id, pessoa_id, itinerario_id) VALUES (168, '2018-06-29 14:54:00', '2018-06-29 15:40:00', 'GARAGEM / PARAGUAÇU', 'GARAGEM / RANCHARIA', '111497', '111548', null, '2018-07-02 10:21:17', '2018-07-02 10:21:17', 1, 11, 13);
INSERT INTO controle_km (id, data_hora_saida, data_hora_chegada, origem, destino, km_saida, km_chegada, obs, data_criacao, data_alteracao, veiculo_id, pessoa_id, itinerario_id) VALUES (169, '2018-06-30 22:56:00', '2018-06-30 14:26:00', 'GARAGEM', 'SÃO PAULO', '111698', '112232', 'VIAGEM DO SR. DIRCEU (FOTOGRAFO)', '2018-07-02 10:23:56', '2018-07-02 10:23:56', 1, 11, 14);
INSERT INTO controle_km (id, data_hora_saida, data_hora_chegada, origem, destino, km_saida, km_chegada, obs, data_criacao, data_alteracao, veiculo_id, pessoa_id, itinerario_id) VALUES (170, '2018-07-01 14:26:00', '2018-07-01 23:00:00', 'SÃO PAULO', 'PARAGUAÇU PAULISTA', '112232', '112715', 'VIAGEM DO SR DIRCEU (FOTOGRAFO)', '2018-07-02 10:29:38', '2018-07-02 10:29:38', 1, 11, 14);
INSERT INTO controle_km (id, data_hora_saida, data_hora_chegada, origem, destino, km_saida, km_chegada, obs, data_criacao, data_alteracao, veiculo_id, pessoa_id, itinerario_id) VALUES (171, '2018-07-02 07:15:00', '2018-07-02 07:40:00', 'GARAGEM', 'ESCOLAR', '635863', '635870', null, '2018-07-02 10:31:59', '2018-07-02 10:31:59', 11, 4, 5);
INSERT INTO controle_km (id, data_hora_saida, data_hora_chegada, origem, destino, km_saida, km_chegada, obs, data_criacao, data_alteracao, veiculo_id, pessoa_id, itinerario_id) VALUES (172, '2018-07-02 10:00:00', '2018-07-02 10:25:00', 'GARAGEM', 'ESCOLAR', '635870', '635878', null, '2018-07-02 10:35:10', '2018-07-02 10:35:10', 11, 4, 5);
INSERT INTO controle_km (id, data_hora_saida, data_hora_chegada, origem, destino, km_saida, km_chegada, obs, data_criacao, data_alteracao, veiculo_id, pessoa_id, itinerario_id) VALUES (173, '2018-06-30 10:50:00', '2018-06-30 11:40:00', 'GARAGEM', 'QUATÁ', '242936', '242984', 'LEVAR O MOTORISTA CLEBER PARA PEGAR CARONA EM QUATÁ,  PARA IR PARA RANCHARIA', '2018-07-02 10:36:49', '2018-07-02 10:36:49', 3, 4, 13);
INSERT INTO controle_km (id, data_hora_saida, data_hora_chegada, origem, destino, km_saida, km_chegada, obs, data_criacao, data_alteracao, veiculo_id, pessoa_id, itinerario_id) VALUES (174, '2018-06-30 09:40:00', '2018-06-30 11:00:00', 'GARAGEM / RANCHARIA', 'GARAGEM / PARAGUAÇU', '800187', '800231', null, '2018-07-02 10:38:36', '2018-07-02 10:38:36', 18, 11, 13);
INSERT INTO controle_km (id, data_hora_saida, data_hora_chegada, origem, destino, km_saida, km_chegada, obs, data_criacao, data_alteracao, veiculo_id, pessoa_id, itinerario_id) VALUES (175, '2018-06-29 17:55:00', '2018-06-29 22:10:00', 'GARAGEM', 'FEMA', '635791', '635863', null, '2018-07-02 10:44:28', '2018-07-02 10:44:28', 11, 5, 1);
INSERT INTO controle_km (id, data_hora_saida, data_hora_chegada, origem, destino, km_saida, km_chegada, obs, data_criacao, data_alteracao, veiculo_id, pessoa_id, itinerario_id) VALUES (176, '2018-06-29 22:30:00', '2018-06-30 00:32:00', 'GARAGEM', 'SAPORE', '169551', '169624', null, '2018-07-02 10:45:38', '2018-07-02 10:45:38', 2, 3, 4);
INSERT INTO controle_km (id, data_hora_saida, data_hora_chegada, origem, destino, km_saida, km_chegada, obs, data_criacao, data_alteracao, veiculo_id, pessoa_id, itinerario_id) VALUES (177, '2018-06-30 05:45:00', '2018-06-30 08:28:00', 'GARAGEM', 'SAPORE', '169624', '169706', null, '2018-07-02 10:46:44', '2018-07-02 10:46:44', 2, 3, 4);
INSERT INTO controle_km (id, data_hora_saida, data_hora_chegada, origem, destino, km_saida, km_chegada, obs, data_criacao, data_alteracao, veiculo_id, pessoa_id, itinerario_id) VALUES (178, '2018-06-29 15:40:00', '2018-06-29 16:40:00', 'GARAGEM', 'RECICLAGEM', '65024', '65051', null, '2018-07-02 13:44:09', '2018-07-02 14:17:23', 5, 7, 7);
INSERT INTO controle_km (id, data_hora_saida, data_hora_chegada, origem, destino, km_saida, km_chegada, obs, data_criacao, data_alteracao, veiculo_id, pessoa_id, itinerario_id) VALUES (179, '2018-06-29 15:06:00', '2018-06-29 16:40:00', 'GARAGEM', 'ASSIS', '242860', '242936', null, '2018-07-02 13:45:58', '2018-07-02 13:45:58', 3, 10, 13);
INSERT INTO controle_km (id, data_hora_saida, data_hora_chegada, origem, destino, km_saida, km_chegada, obs, data_criacao, data_alteracao, veiculo_id, pessoa_id, itinerario_id) VALUES (180, '2018-06-29 13:30:00', '2018-06-29 13:40:00', 'GARAGEM', 'TREVO PARAGUAÇU', '453616', '453619', 'TESTA P/ MANUTENÇÃO', '2018-07-02 13:48:10', '2018-07-02 13:48:10', 13, 2, 13);
INSERT INTO controle_km (id, data_hora_saida, data_hora_chegada, origem, destino, km_saida, km_chegada, obs, data_criacao, data_alteracao, veiculo_id, pessoa_id, itinerario_id) VALUES (181, '2018-07-02 10:30:00', '2018-07-02 13:30:00', 'GARAGEM', 'ALMOÇO', '12547', '12550', 'ALMOÇO', '2018-07-02 13:49:18', '2018-07-02 13:49:18', 22, 2, 3);
INSERT INTO controle_km (id, data_hora_saida, data_hora_chegada, origem, destino, km_saida, km_chegada, obs, data_criacao, data_alteracao, veiculo_id, pessoa_id, itinerario_id) VALUES (182, '2018-07-01 10:00:00', '2018-07-01 11:20:00', 'GARAGEM', 'IBERIA', '242984', '243058', 'BUSCAR 6 FARDOS DE ARROZ', '2018-07-02 13:51:00', '2018-07-02 13:51:00', 3, 7, 4);
INSERT INTO controle_km (id, data_hora_saida, data_hora_chegada, origem, destino, km_saida, km_chegada, obs, data_criacao, data_alteracao, veiculo_id, pessoa_id, itinerario_id) VALUES (183, '2018-06-29 14:30:00', '2018-06-29 17:19:00', 'GARAGEM', 'SAPORE', '169475', '169551', null, '2018-07-02 13:55:11', '2018-07-02 13:55:11', 2, 3, 4);
INSERT INTO controle_km (id, data_hora_saida, data_hora_chegada, origem, destino, km_saida, km_chegada, obs, data_criacao, data_alteracao, veiculo_id, pessoa_id, itinerario_id) VALUES (184, '2018-06-29 15:00:00', '2018-06-29 15:30:00', 'GARAGEM', 'CONCEIÇÃO DE MONTE ALEGRE', '453619', '453630', 'TESTE MANUTENÇÃO, POIS HAVIA TROCADO O TERMINAL DE  DIREÇÃO', '2018-07-02 14:31:41', '2018-07-02 14:31:41', 13, 10, 13);
INSERT INTO controle_km (id, data_hora_saida, data_hora_chegada, origem, destino, km_saida, km_chegada, obs, data_criacao, data_alteracao, veiculo_id, pessoa_id, itinerario_id) VALUES (185, '2018-07-02 14:17:00', '2018-07-02 14:35:00', 'GARAGEM', 'DEKING', '12550', '12552', 'COMPAR RESMA DE FOLHA A4', '2018-07-02 14:33:23', '2018-07-02 14:33:23', 22, 4, 3);
INSERT INTO controle_km (id, data_hora_saida, data_hora_chegada, origem, destino, km_saida, km_chegada, obs, data_criacao, data_alteracao, veiculo_id, pessoa_id, itinerario_id) VALUES (186, '2018-06-29 14:15:00', '2018-06-29 15:30:00', 'MARACAI', 'GARAGEM / PARAGUAÇU ', '111879', '111907', 'O CARRO VEIO PARA GARAGEM PARA MANUTENÇÃO', '2018-07-02 14:35:31', '2018-07-02 14:35:31', 16, 6, 13);
INSERT INTO controle_km (id, data_hora_saida, data_hora_chegada, origem, destino, km_saida, km_chegada, obs, data_criacao, data_alteracao, veiculo_id, pessoa_id, itinerario_id) VALUES (187, '2018-06-20 06:13:00', '2018-06-20 12:45:00', 'MARACAI', 'ASSIS', '110918', '110987', null, '2018-07-02 14:36:38', '2018-07-02 14:36:38', 1, 6, 12);
INSERT INTO controle_km (id, data_hora_saida, data_hora_chegada, origem, destino, km_saida, km_chegada, obs, data_criacao, data_alteracao, veiculo_id, pessoa_id, itinerario_id) VALUES (188, '2018-06-29 12:00:00', '2018-06-29 13:40:00', 'GARAGEM', 'RECICLAGEM', '635878', '635898', null, '2018-07-02 14:39:31', '2018-07-04 10:48:48', 11, 5, 7);
INSERT INTO controle_km (id, data_hora_saida, data_hora_chegada, origem, destino, km_saida, km_chegada, obs, data_criacao, data_alteracao, veiculo_id, pessoa_id, itinerario_id) VALUES (189, '2018-07-02 09:00:00', '2018-07-02 11:15:00', 'GARAGEM', 'BORRACHARIA', '332199', '332205', null, '2018-07-02 14:44:25', '2018-07-02 14:44:25', 21, 5, 13);
INSERT INTO controle_km (id, data_hora_saida, data_hora_chegada, origem, destino, km_saida, km_chegada, obs, data_criacao, data_alteracao, veiculo_id, pessoa_id, itinerario_id) VALUES (190, '2018-06-21 06:15:00', '2018-06-21 12:45:00', 'GARAGEM', 'ASSIS', '110987', '111054', null, '2018-07-02 14:50:43', '2018-07-02 14:50:43', 1, 6, 12);
INSERT INTO controle_km (id, data_hora_saida, data_hora_chegada, origem, destino, km_saida, km_chegada, obs, data_criacao, data_alteracao, veiculo_id, pessoa_id, itinerario_id) VALUES (191, '2018-07-04 07:00:00', '2018-07-04 08:10:00', 'GARAGEM', 'RECICLAGEM', '065154', '065178', null, '2018-07-04 10:44:56', '2018-07-04 10:44:56', 5, 10, 7);
INSERT INTO controle_km (id, data_hora_saida, data_hora_chegada, origem, destino, km_saida, km_chegada, obs, data_criacao, data_alteracao, veiculo_id, pessoa_id, itinerario_id) VALUES (192, '2018-07-04 05:30:00', '2018-07-04 08:40:00', 'GARAGEM', 'SAPORE', '170589', '170676', null, '2018-07-04 10:46:11', '2018-07-04 10:46:11', 2, 7, 4);
INSERT INTO controle_km (id, data_hora_saida, data_hora_chegada, origem, destino, km_saida, km_chegada, obs, data_criacao, data_alteracao, veiculo_id, pessoa_id, itinerario_id) VALUES (193, '2018-07-04 07:15:00', '2018-07-04 07:55:00', 'GARAGEM', 'ESCOLAR', '635956', '635969', null, '2018-07-04 10:47:24', '2018-07-04 10:47:24', 11, 4, 5);
INSERT INTO controle_km (id, data_hora_saida, data_hora_chegada, origem, destino, km_saida, km_chegada, obs, data_criacao, data_alteracao, veiculo_id, pessoa_id, itinerario_id) VALUES (194, '2018-07-03 22:30:00', '2018-07-04 00:21:00', 'GARAGEM', 'SAPORE', '170519', '170589', null, '2018-07-04 10:50:46', '2018-07-04 10:50:46', 2, 5, 4);
INSERT INTO controle_km (id, data_hora_saida, data_hora_chegada, origem, destino, km_saida, km_chegada, obs, data_criacao, data_alteracao, veiculo_id, pessoa_id, itinerario_id) VALUES (195, '2018-06-03 14:30:00', '2018-06-03 17:40:00', 'GARAGEM', 'SAPORE', '170434', '170519', null, '2018-07-04 10:51:59', '2018-07-04 10:51:59', 2, 7, 4);
INSERT INTO controle_km (id, data_hora_saida, data_hora_chegada, origem, destino, km_saida, km_chegada, obs, data_criacao, data_alteracao, veiculo_id, pessoa_id, itinerario_id) VALUES (196, '2018-07-03 16:30:00', '2018-07-03 17:10:00', 'GARAGEM', 'ESCOLAR', '635941', '635956', null, '2018-07-04 10:53:16', '2018-07-04 10:53:16', 15, 5, 5);
INSERT INTO controle_km (id, data_hora_saida, data_hora_chegada, origem, destino, km_saida, km_chegada, obs, data_criacao, data_alteracao, veiculo_id, pessoa_id, itinerario_id) VALUES (197, '2018-07-03 16:10:00', '2018-07-03 17:05:00', 'GARAGEM', 'RECICLAGEM', '065126', '065154', null, '2018-07-04 10:54:32', '2018-07-04 10:54:32', 5, 10, 7);
INSERT INTO controle_km (id, data_hora_saida, data_hora_chegada, origem, destino, km_saida, km_chegada, obs, data_criacao, data_alteracao, veiculo_id, pessoa_id, itinerario_id) VALUES (198, '2018-07-03 07:15:00', '2018-07-03 09:16:00', 'GARAGEM', 'CRECHE', '635898', '635922', 'FUI LEVAR A DONA ROSINHA NO MÉDICO E NO DESPACHANTE', '2018-07-04 11:32:32', '2018-07-04 11:32:32', 11, 4, 5);
INSERT INTO controle_km (id, data_hora_saida, data_hora_chegada, origem, destino, km_saida, km_chegada, obs, data_criacao, data_alteracao, veiculo_id, pessoa_id, itinerario_id) VALUES (199, '2018-07-03 11:40:00', '2018-07-03 12:35:00', 'GARAGEM', 'RECICLAGEM', '635922', '635941', null, '2018-07-04 11:34:18', '2018-07-04 11:34:18', 11, 10, 7);
INSERT INTO controle_km (id, data_hora_saida, data_hora_chegada, origem, destino, km_saida, km_chegada, obs, data_criacao, data_alteracao, veiculo_id, pessoa_id, itinerario_id) VALUES (200, '2018-07-03 07:30:00', '2018-07-03 15:38:00', 'GARAGEM', 'MARACAI', '243058', '243116', 'LICITAÇÃO LINHA DE MARILIA', '2018-07-04 11:35:45', '2018-07-04 11:35:45', 3, 2, 3);
INSERT INTO controle_km (id, data_hora_saida, data_hora_chegada, origem, destino, km_saida, km_chegada, obs, data_criacao, data_alteracao, veiculo_id, pessoa_id, itinerario_id) VALUES (201, '2018-07-03 07:00:00', '2018-07-03 08:10:00', 'GARAGEM', 'RECICLAGEM', '065102', '065126', null, '2018-07-04 11:37:43', '2018-07-04 11:37:43', 5, 10, 7);
INSERT INTO controle_km (id, data_hora_saida, data_hora_chegada, origem, destino, km_saida, km_chegada, obs, data_criacao, data_alteracao, veiculo_id, pessoa_id, itinerario_id) VALUES (202, '2018-07-03 05:30:00', '2018-07-03 08:30:00', 'GARAGEM', 'SAPORE', '170347', '170434', null, '2018-07-04 11:39:09', '2018-07-04 11:39:09', 2, 7, 4);
INSERT INTO controle_km (id, data_hora_saida, data_hora_chegada, origem, destino, km_saida, km_chegada, obs, data_criacao, data_alteracao, veiculo_id, pessoa_id, itinerario_id) VALUES (203, '2018-07-02 22:30:00', '2018-07-03 00:40:00', 'GARAGEM', 'SAPORE', '0170274', '0170347', null, '2018-07-04 11:40:43', '2018-07-04 11:40:43', 2, 5, 4);
INSERT INTO controle_km (id, data_hora_saida, data_hora_chegada, origem, destino, km_saida, km_chegada, obs, data_criacao, data_alteracao, veiculo_id, pessoa_id, itinerario_id) VALUES (204, '2018-07-02 17:20:00', '2018-07-02 17:45:00', 'GARAGEM', 'PARAGUAÇU PAULISTA', '12552', '12557', null, '2018-07-04 11:45:40', '2018-07-04 11:45:40', 22, 5, 13);
INSERT INTO controle_km (id, data_hora_saida, data_hora_chegada, origem, destino, km_saida, km_chegada, obs, data_criacao, data_alteracao, veiculo_id, pessoa_id, itinerario_id) VALUES (205, '2018-07-02 16:25:00', '2018-07-02 17:20:00', 'GARAGEM', 'RECICLAGEM', '65076', '65102', null, '2018-07-04 11:48:17', '2018-07-04 11:48:17', 5, 4, 7);
INSERT INTO controle_km (id, data_hora_saida, data_hora_chegada, origem, destino, km_saida, km_chegada, obs, data_criacao, data_alteracao, veiculo_id, pessoa_id, itinerario_id) VALUES (206, '2018-07-02 14:30:00', '2018-07-02 16:50:00', 'GARAGEM', 'SAPORE', '170198', '170250', null, '2018-07-04 11:49:53', '2018-07-04 11:49:53', 2, 7, 4);
INSERT INTO controle_km (id, data_hora_saida, data_hora_chegada, origem, destino, km_saida, km_chegada, obs, data_criacao, data_alteracao, veiculo_id, pessoa_id, itinerario_id) VALUES (207, '2018-07-02 15:50:00', '2018-07-02 16:17:00', 'GARAGEM', 'MANUTENÇÃO', '352027', '352040', 'TESTE, FOMOS DE PARAGUAÇU ATÉ O TREVO DA ROSETA, VIBRANDO UM POUCO A DIREÇÃO', '2018-07-04 11:52:06', '2018-07-04 11:52:06', 7, 4, 13);
INSERT INTO controle_km (id, data_hora_saida, data_hora_chegada, origem, destino, km_saida, km_chegada, obs, data_criacao, data_alteracao, veiculo_id, pessoa_id, itinerario_id) VALUES (208, '2018-06-30 09:40:00', '2018-06-30 10:37:00', 'GARAGEM / RANCHARIA', 'GARAGEM / PARAGUAÇU PTA', '305154', '305196', null, '2018-07-04 13:31:34', '2018-07-04 13:31:34', 17, 12, 13);
INSERT INTO controle_km (id, data_hora_saida, data_hora_chegada, origem, destino, km_saida, km_chegada, obs, data_criacao, data_alteracao, veiculo_id, pessoa_id, itinerario_id) VALUES (209, '2018-07-04 11:40:00', '2018-07-04 12:24:00', 'GARAGEM', 'RECICLAGEM', '635969', '635987', null, '2018-07-04 13:33:15', '2018-07-04 13:33:15', 11, 4, 7);
INSERT INTO controle_km (id, data_hora_saida, data_hora_chegada, origem, destino, km_saida, km_chegada, obs, data_criacao, data_alteracao, veiculo_id, pessoa_id, itinerario_id) VALUES (210, '2018-07-04 08:50:00', '2018-07-04 12:10:00', 'GARAGEM', 'SAPORE/RANCHARIA', '243116', '243228', 'LEVAR KELLY EM RANCHARIA', '2018-07-04 13:34:57', '2018-07-04 13:34:57', 3, 7, 4);
INSERT INTO controle_km (id, data_hora_saida, data_hora_chegada, origem, destino, km_saida, km_chegada, obs, data_criacao, data_alteracao, veiculo_id, pessoa_id, itinerario_id) VALUES (211, '2018-07-04 16:30:00', '2018-07-04 17:16:00', 'GARAGEM', 'RECICLAGEM', '65178', '65203', null, '2018-07-04 17:22:32', '2018-07-04 17:22:32', 5, 4, 7);
INSERT INTO controle_km (id, data_hora_saida, data_hora_chegada, origem, destino, km_saida, km_chegada, obs, data_criacao, data_alteracao, veiculo_id, pessoa_id, itinerario_id) VALUES (212, '2018-07-04 16:30:00', '2018-07-04 17:10:00', 'GARAGEM', 'ESCOLAR', '635987', '636001', null, '2018-07-04 18:12:51', '2018-07-04 18:12:51', 11, 5, 5);
INSERT INTO controle_km (id, data_hora_saida, data_hora_chegada, origem, destino, km_saida, km_chegada, obs, data_criacao, data_alteracao, veiculo_id, pessoa_id, itinerario_id) VALUES (213, '2018-07-04 14:30:00', '2018-07-04 17:13:00', 'GARAGEM', 'SAPORE', '170676', '170755', null, '2018-07-04 18:14:30', '2018-07-04 18:14:30', 2, 7, 4);
INSERT INTO controle_km (id, data_hora_saida, data_hora_chegada, origem, destino, km_saida, km_chegada, obs, data_criacao, data_alteracao, veiculo_id, pessoa_id, itinerario_id) VALUES (214, '2018-07-05 05:30:00', '2018-07-05 08:30:00', 'GARAGEM', 'SAPORE', '170828', '170911', null, '2018-07-05 09:44:14', '2018-07-05 09:44:14', 2, 7, 4);
INSERT INTO controle_km (id, data_hora_saida, data_hora_chegada, origem, destino, km_saida, km_chegada, obs, data_criacao, data_alteracao, veiculo_id, pessoa_id, itinerario_id) VALUES (215, '2018-07-05 07:00:00', '2018-07-05 08:10:00', 'GARAGEM', 'RECICLAGEM', '065203', '065227', null, '2018-07-05 09:47:10', '2018-07-05 09:47:10', 5, 10, 7);
INSERT INTO controle_km (id, data_hora_saida, data_hora_chegada, origem, destino, km_saida, km_chegada, obs, data_criacao, data_alteracao, veiculo_id, pessoa_id, itinerario_id) VALUES (216, '2018-07-05 07:15:00', '2018-07-05 08:00:00', 'GARAGEM', 'ESCOLAR', '636001', '636015', null, '2018-07-05 09:50:46', '2018-07-05 09:50:46', 11, 4, 5);
INSERT INTO controle_km (id, data_hora_saida, data_hora_chegada, origem, destino, km_saida, km_chegada, obs, data_criacao, data_alteracao, veiculo_id, pessoa_id, itinerario_id) VALUES (217, '2018-07-04 22:30:00', '2018-07-05 00:40:00', 'GARAGEM', 'SAPORE', '0170755', '0170826', null, '2018-07-05 09:52:01', '2018-07-05 09:52:01', 2, 5, 4);
INSERT INTO controle_km (id, data_hora_saida, data_hora_chegada, origem, destino, km_saida, km_chegada, obs, data_criacao, data_alteracao, veiculo_id, pessoa_id, itinerario_id) VALUES (218, '2018-07-05 16:00:00', '2018-07-05 17:00:00', 'Garagem ', 'Reciclagem', '065227', '065242', null, '2018-07-05 17:31:48', '2018-07-05 17:31:48', 5, 10, 7);
INSERT INTO controle_km (id, data_hora_saida, data_hora_chegada, origem, destino, km_saida, km_chegada, obs, data_criacao, data_alteracao, veiculo_id, pessoa_id, itinerario_id) VALUES (219, '2018-07-05 11:10:00', '2018-07-05 11:50:00', 'GARAGEM', 'RECICLAGEM', '636015', '636031', null, '2018-07-06 11:41:48', '2018-07-06 11:41:48', 11, 10, 7);
INSERT INTO controle_km (id, data_hora_saida, data_hora_chegada, origem, destino, km_saida, km_chegada, obs, data_criacao, data_alteracao, veiculo_id, pessoa_id, itinerario_id) VALUES (220, '2018-07-06 07:00:00', '2018-07-06 08:30:00', 'GARAGEM', 'RECICLAGEM', '065242', '065266', null, '2018-07-06 11:50:22', '2018-07-06 11:50:22', 5, 2, 7);
INSERT INTO controle_km (id, data_hora_saida, data_hora_chegada, origem, destino, km_saida, km_chegada, obs, data_criacao, data_alteracao, veiculo_id, pessoa_id, itinerario_id) VALUES (221, '2018-07-05 07:30:00', '2018-07-05 17:30:00', 'GARAGEM', 'CHAVANTES', '112715', '113014', null, '2018-07-06 11:52:08', '2018-07-06 11:52:08', 1, 5, 14);
INSERT INTO controle_km (id, data_hora_saida, data_hora_chegada, origem, destino, km_saida, km_chegada, obs, data_criacao, data_alteracao, veiculo_id, pessoa_id, itinerario_id) VALUES (222, '2018-07-05 16:20:00', '2018-07-05 17:02:00', 'GARAGEM', 'ESCOLAR', '636031', '636045', null, '2018-07-06 11:53:59', '2018-07-06 11:53:59', 11, 4, 5);
INSERT INTO controle_km (id, data_hora_saida, data_hora_chegada, origem, destino, km_saida, km_chegada, obs, data_criacao, data_alteracao, veiculo_id, pessoa_id, itinerario_id) VALUES (223, '2018-06-04 12:00:00', '2018-06-04 13:00:00', 'GARAGEM', 'ALMOÇO', '243228', '243231', null, '2018-07-06 12:23:30', '2018-07-06 12:23:30', 3, 2, 3);
INSERT INTO controle_km (id, data_hora_saida, data_hora_chegada, origem, destino, km_saida, km_chegada, obs, data_criacao, data_alteracao, veiculo_id, pessoa_id, itinerario_id) VALUES (224, '2018-07-05 09:00:00', '2018-07-05 15:00:00', 'GARAGEM', 'ASSIS', '243231', '243233', 'BUSCAR CERTIFICADO DIGITAL DA EMPRESA', '2018-07-06 12:25:02', '2018-07-06 12:25:02', 3, 2, 3);
INSERT INTO controle_km (id, data_hora_saida, data_hora_chegada, origem, destino, km_saida, km_chegada, obs, data_criacao, data_alteracao, veiculo_id, pessoa_id, itinerario_id) VALUES (225, '2018-07-06 09:00:00', '2018-07-06 10:00:00', 'GARAGEM', 'MARACAI', '243233', '243287', 'LEVAR DOCUMENTO P/ LICITAÇÃO', '2018-07-06 12:26:25', '2018-07-06 12:26:25', 3, 2, 3);
INSERT INTO controle_km (id, data_hora_saida, data_hora_chegada, origem, destino, km_saida, km_chegada, obs, data_criacao, data_alteracao, veiculo_id, pessoa_id, itinerario_id) VALUES (226, '2018-07-06 11:00:00', '2018-07-06 12:00:00', 'GARAGEM', 'RECICLAGEM', '636045', '636068', 'RECICLAGEM / MARMITAS', '2018-07-06 12:27:56', '2018-07-06 12:27:56', 11, 10, 7);
INSERT INTO controle_km (id, data_hora_saida, data_hora_chegada, origem, destino, km_saida, km_chegada, obs, data_criacao, data_alteracao, veiculo_id, pessoa_id, itinerario_id) VALUES (227, '2018-07-03 15:00:00', '2018-07-03 15:40:00', 'GARAGEM', 'CENTRO', '12557', '12564', 'COMPRAR PEÇAS PARA CONSTRUIR O ANDAME', '2018-07-06 12:29:36', '2018-07-06 12:29:36', 22, 9, 13);
INSERT INTO controle_km (id, data_hora_saida, data_hora_chegada, origem, destino, km_saida, km_chegada, obs, data_criacao, data_alteracao, veiculo_id, pessoa_id, itinerario_id) VALUES (228, '2018-07-06 09:35:00', '2018-07-06 10:00:00', 'GARAGEM', 'PARAGUAÇU', '12464', '12467', 'COMPRAS ADMINISTRATIVAS', '2018-07-06 12:31:33', '2018-07-06 12:31:33', 22, 4, 3);